hash,block_number,index,status,pnl_heuristic,gross_profit,miner_tip,tx_cost,pnl
0x01252aa01151193b15a75d9464ca701b7362ae2ca854776bc40d995fa7c0266b,13664560,3,1,2,0.22846564778821568,0.11034890788170794,0.01616411481375968,0.10195262509274806
0x03a7fec5224d2c54c33cfe09b346ecac3ac44c8670b6fae9bf518ad1af1445ad,13685095,0,1,2,0.1594463193752122,0.07127250476071963,0.02221830994435857,0.06595550467013402
0x03e39bff94d872d2642cb19d0ed0c532b6773fccf8b20696578e2004f1947608,13623669,6,1,2,0.2504435587105842,0.09992697992552202,0.05798552701444469,0.0925310517706175
0x042996c02703f11e6c5235228d97268c0f587d6214c16fd68e1193dac4c21d6b,13740531,0,1,2,0.01811124954389538,0.00324191366835724,0.012028630625300603,0.002840705250237536
0x04a816363a13b3495a22327f9de05fe4cfa8c34ae941f7c6dcddd9ea33e46d1e,13667568,0,1,2,1.3584996814585892,0.6819668400922118,0.04480076900733815,0.6317320723590392
0x05553d1a76fecc2a8a1a27e16192028c1e54301132ee8a15a6226f53e7cb847f,13665608,0,1,2,2.550034292673558,1.3005174892635143,0.04592808795874996,1.2035887154512936
0x0691f223509df7e63287b55fabb03a4da4699be6e78bff1a0efc14052fe7c5ac,13621626,1,1,2,0.025830247596300232,0.0060184476899379,0.017779331208824054,0.0020324686975382762
0x06c4f10e451d491300385f101f52b02b0afd3acec7a987231fdce1f672000097,13714440,6,1,2,0.008506525000000112,0.0009527308,0.007325266377492008,0.00022852782250810423
0x0806979a78e7e9362924a7add891b149cb2b80a3dd85bbe03067f374c8b11061,13692856,0,1,2,0.13601525616116114,0.06147889578484464,0.017721115654587095,0.056815244721729406
0x094abf55fc376d12d8dec96059be824836bdf82f4ddb3922dcac51f5c1d26b65,13616007,4,1,2,0.04642625104947768,0.00738177391686685,0.028433414681534715,0.010611062451076118
0x0abff2aa7cb7eea0c320da3fd1480fa6d1afc603faf85952e4aa3c3dd96d1456,13469985,0,1,2,0.1971069942037796,0.04218089675960875,0.030944159715218897,0.12398193772895195
0x0b416bb33beae4b6cbed384fe4ea814691cb0ad1a1287f8043155c16073dc0aa,13651081,3,1,2,0.008880397415064205,0.00182048147008812,0.00640348137074538,0.0006564345742307055
0x0b6ce47121e480b2b978d68e589e54b9d35334f5893ad4b304196bf6d743e908,13656253,0,1,2,0.4196209109277017,0.20729272999828444,0.020648721261875905,0.1916794596675414
0x0be84fc3559ab5c55005bba90f9878c25aa280d6f056e3c93bda111184b959aa,13694340,2,1,2,0.01752521056735711,0.005397764854745894,0.00899531614125918,0.0031321295713520343
0x0ca7613ba7b09005142415c811f85c941977d2b0b4e7662719ef34d866591acd,13716640,0,1,1,0.4628839379069768,0.1125449,0.07456103847215309,0.27577799943482373
0x0ca79fdbad4258f0e16315c2e04689311a60cf3ac13721669387c0a011f446d1,13700495,111,1,2,0.00925190086437558,0.001665342155587572,0.006047957644794912,0.001538601063993096
0x0d69ddeddaea7b43876467e3f786452ad0f3c9d7a271fa24ca851fce5fb58071,13544653,0,1,1,0.2407576646806223,0.24075766447738972,0.042578487043820855,-0.0425784868405883
0x0d89fc6d34d19eeba554a1bcb2ec37b873c3612c7c16df043bcb146852d07760,13742038,0,1,1,0.023676302248840837,0.0038422,0.011260889889827763,0.008573212359013073
0x0f2d00b8075ea4737bbbb36f8970440fe63b28ed1ff8fd94b5ddbcc15ed558df,13564393,0,1,2,0.21066421550821327,0.09290291903912243,0.03175859814665191,0.08600269832243893
0x101717e685fb5926a20b9020c70d14db945a2dd395aa66d56bc92680db770077,13744662,93,1,2,0.012709966323285289,0.00366047030110608,0.005668036741520831,0.0033814592806583775
0x113658f97731097a1e562b5729e26abc6c06201e99586c4250069ba4b0ad7799,13759124,0,1,2,0.40264384609358383,0.1960875530475751,0.024859191702304412,0.18169710134370434
0x124ccbf8ab4ecf3b96999dfb302573b4cf73838c5bcd151d424e628232608a77,13740344,0,1,2,0.014691532319402532,0.001939282266161116,0.011923065242586219,0.0008291848106551977
0x125d050ff6b044596229df82c1d3c97de1f3c622576c172230283f58658711a9,13664551,4,1,2,0.22950648398520765,0.11131064473282548,0.015303255938901417,0.10289258331348075
0x12aaa805f3b3c7b740e00d0ceed48ab471a30db2681bd895448c6ef1dd7ea7cf,13688963,1,1,2,0.24994696074193623,0.11572544282351625,0.02723690794378761,0.10698460997463236
0x131bde58a0bb496766cbc5e75d5c805fe2009ec07175308013a99d57fde78d97,13630104,1,1,2,0.013427085361662256,0.00342390676722381,0.00850294677565775,0.0015002318187806955
0x137667f0a0461c6d899fa0cf87699d3924a2a65ab794e605c09a7e0c8a78116e,13759149,0,1,2,0.01962044285299583,0.004512701856188988,0.01093681234887852,0.0041709286479283195
0x151a0d68e78b1a041a0063b1bfdb9509bbc7d77cc27e7320a7e2dd08bcc1a053,13719800,1,1,2,0.01504635471745576,0.002407416754792896,0.010388332871711314,0.0022506050909515494
0x15a03360787f2ad2c48da0c79f72caac77b964d8e2ab1bed2a09386a3f64ef5e,13635992,0,1,2,0.12111270177105907,0.0559540682182291,0.013602953001631602,0.05155568055119837
0x18207ad0fb20e3e565c04778b0048108fd397592c4bbb680f2cca507bcfb94c6,13658086,18,1,2,0.009273712058087604,0.001901110971907917,0.006111769043860128,0.0012608320423195592
0x18541684efefec768d42abb4872b49a4161a304877cde6b6170597575591d524,13479294,0,1,2,0.043956903599061764,0.005142957721090215,0.01820325934981277,0.020610686528158777
0x1856c2a4ef879c5690181d0651367a3013ec7aaf0ced2d50447092bd32355c4e,13744446,102,1,1,0.014702903255813953,0.0021069,0.007567948556975244,0.005028054698838709
0x188adc54563ebb36d2872748befbc08766824e2800cc980b638fa05f55beff5c,13677404,133,1,2,0.28544534035174973,0.1301630752003977,0.03512177366842997,0.12016049148292204
0x18cf01007ae127d50f7939a5f0fe1f1772daea91dd24be2e8832e2ff969c6f23,13700642,0,1,2,0.2942713544898148,0.14301587828204976,0.021122534662678175,0.13013294154508687
0x18e192fa5aaa7ac9bf4f65948c5d41debe10b2c51c76c2ca10e0f3567afa9558,13625343,0,1,2,0.015639199018758248,0.00383160375959571,0.010535825991805334,0.001271769267357203
0x18ec2c2e5720c6d332a0f308f8803e834e06c78dcebdc255178891ead56c6d73,13710082,0,1,2,0.025000000000000383,0.00955,0.006608070339515968,0.008841929660484416
0x19513ea51cae6863a3743e649b6910f87d2c68fbc6babc1b77eb2d4cf210f1a3,13687557,5,1,2,0.07036791539523231,0.01442542265602258,0.0424587887713308,0.01348370396787893
0x1a3dbe72fda6a215cc009a940ba28752c47f5514a90aa647f73ac44fc34c4e1f,13719676,10,1,2,0.01622169130026079,0.003017234581848471,0.010646397566748287,0.00255805915166403
0x1b444d9b3d2905e2dea9d5bda764f8e960c0281f8106ba7f398c57388d673bc4,13693062,1,1,1,0.15751456976744185,0.0412355,0.030861252816918795,0.08541781695052306
0x1b81b79a23f52e1f8b667394f0cc1e367d330652111a914202649f1e69bd7321,13634094,0,1,2,1.3913846456195176,0.7082147846203342,0.02874933813985686,0.6544205228593265
0x1ba22b1f31d1f7b8dfd3e36b3706a17c8a6a84036267b02ed7f4c37bb80e45a4,13465764,0,1,2,0.08535906403138217,0.03397290748448996,0.018715716489596055,0.03267044005729616
0x1bc44e1c23c0b62ece4e03156835ea3068aa4978e5e2b67e1ecbe17d8f57e716,13727744,35,1,2,0.010884471920507021,0.002394583822511496,0.00670823600873148,0.0017816520892640457
0x1c28fa304db22b08aad3b4cbafcb618c64502fb45c74e809ebba97bebb00e11d,13701386,1,1,2,0.03000000000000054,0.01314,0.00469661010997439,0.01216338989002615
0x1c5860b60c3d28584ecf364b1a6711cc46bc4e26304ca46831b91d11db2b117a,13678425,1,1,2,0.025807746650024006,0.005342203556554926,0.01629248486478048,0.004173058228688603
0x1c6d7e1b82726f89c8b8e54df8e300959752c23df8bb93e2fd90f36a23e3984d,13714961,3,1,2,0.010551120670906397,0.002089121892839427,0.00677323604276424,0.00168876273530273
0x1c869e6803255f3db66a43d2c9d09eb0ff6627e803a8d3f9eb164bb7035895ba,13739509,9,1,2,0.012687308044210983,0.002334464680134787,0.0081753963710718,0.002177446993004397
0x1ceabaf48d85dbeebeff6d3a0d4ba08fa3005a4be96899bb88b2699f36d92345,13610623,16,1,2,0.19393206510175234,0.08533010864477278,0.0297043191897376,0.07889763726724197
0x1cfe8b42527dd3af7ecaf0f87d6efdba6120866e65db57b9fb24b660542068c9,13582463,2,1,2,0.2988545949384002,0.13926624124129433,0.030831026925211624,0.12875732677189428
0x1d70e8e0bd355f76d4c82c133a5b7e8ec4ce83275dc823e5e1ac3ed6b72c298b,13671245,0,1,2,0.1467118106426908,0.05912485968900438,0.032769531539359215,0.05481741941432719
0x1d86d84fa900e962ef156ed3bfc0a05db68ec104df0a0ebf3f8f43407bfd2ccf,13726364,9,1,2,0.010030025412653564,0.001634894142262504,0.00687101304218454,0.0015241182282065202
0x1df003064f887ed028dab4eb432714f8ab2a33b0b7fbd2629f8168c6abed2aad,13498551,2,1,2,0.13404936575028478,0.026005576955555363,0.0472795666310539,0.060764222163675524
0x1e5dfc436977c2bc5cd41698f4798851aaf21637258148babdb70710a205eed9,13671297,0,1,2,0.46951530055258967,0.23569668087739976,0.016148535387845112,0.2176700842873448
0x1f4f9fc76faf22e8553e372fc8678013e707940c7d7f2950bc29fd0f76fa152a,13742215,4,1,1,0.16700037412581514,0.0422181,0.03747948510003204,0.08730278902578309
0x1f77277f8ea77d9d65c6ac85e044ecb83af622c0e57e43063da7377ceeb57f10,13680281,0,1,2,0.21258730150839433,0.09693980948782777,0.02590485408156789,0.08974263793899867
0x1f7c0c1287c80ed8d7f2774f02379d8da7d3486e6c66ad5abd5193264c81a087,13696567,49,1,2,0.010950997933398824,0.002453023537081286,0.006695737197625872,0.0018022371986916664
0x1fa46da7bb5d93792e0b87da8ee428306f225bb8d2cbd63554f59fb6d54d63f5,13714624,7,1,2,0.011893858986794537,0.001629458681190832,0.008753178391170444,0.0015112219144332618
0x2080f9d810bf57cc41d53326a2ba34ba2af48fbf2c5f6a1f782c67d2578e3dd7,13614816,6,1,2,0.03581941581850265,0.01020853350827319,0.016137305539729842,0.009473576770499613
0x20af13c516432b85da79192f9b92f579878f575e88506d0a5125cac2bc674b95,13688953,3,1,2,0.15229988439382147,0.052391160231474374,0.05109899054398912,0.04880973361835796
0x20b6d80cdd8ff3c6059e4e9d318b3fa91be7e94255e30496b74f0ec61b290f7a,13747715,0,1,2,0.021775525419186287,0.006293126846144754,0.009648654636521675,0.005833743936519857
0x21e5036f9f9b5bd5052250951e7c9753dbb75fda407eab9706585092b30b4a36,13557838,5,1,1,0.36317643415511075,0.0949417,0.089941891452448,0.1782928427026627
0x2216669f9463c03e0efb3fe7f781e76e76a78d45dfd251288f261e7f23f130d0,13699328,4,1,2,0.013460239262685731,0.001763291343411813,0.010046537161300512,0.001650410757973406
0x23d16087dd6b231e31c04e980e23b73c05d61cef5d9b63d1dd7c224bad933670,13596747,1,1,1,0.0871242611627907,0.0096445,0.04445259596532302,0.033027165197467685
0x23dd0fdcd75969b1f6912d9b4254b708978f36b454bf5288c33e64050b42c542,13593307,0,1,2,0.22819393708545607,0.08169342947659314,0.07102848131142882,0.07547202629743412
0x242b44a7cf9ab211d6f0b6f6729713da0616b31d0265dcc27be1a9f2a998f283,13609466,3,1,2,0.014221004957586162,0.002303802803128932,0.01093460949523728,0.0009825926592199503
0x258c3451bff2553b30cf2024351ed94392325333cea86a54eacaced3273b02b2,13664557,0,1,2,0.22888113051270406,0.10963406151558501,0.01762093737655145,0.1016261316205676
0x25d63f1bc815ae2845a76a9a9a76fb3249baa476bd6be9d6f10b23297b7a55a6,13646356,12,1,2,0.01817867201812223,0.004144737220131816,0.01103765445376632,0.0029962803442240924
0x2718f20c66d345bc118cfe984225406afa27a526ace000bf113a0e9c750d853d,13631673,1,1,2,0.2762373783464429,0.04475045529212338,0.05242008234422935,0.17906684071009016
0x277ac3fa715c30fa79c63760766fb49069c45360020a90ecbe05e97b537987de,13610050,3,1,2,0.017465331551976226,0.0039296995991946,0.012181392705547895,0.0013542392472337302
0x2825af1b1b3ba9ef881904779990f0fc70f50596a71aa992f75c79cea4ef0bdd,13735214,2,1,1,0.10442718731100077,0.1044247856830938,0.08468505600224654,-0.08468265437433957
0x284a5cda0e9ce328f0ff054cf6373d9f87090eeaf92922f5eb3f9bd41c873a9d,13643192,8,1,2,0.018831004530446022,0.004199314010289413,0.011540089195130828,0.00309160132502578
0x28d3d3483369d12981c2af84aba7777354a05688f2511d37cf2ce54611234910,13632407,0,1,2,0.30129044552156115,0.13618328137574523,0.03898279756721257,0.12612436657860338
0x28db0797e3fa88df631207b8af15d91de0616b68026764519a81696ca3b42b6a,13680594,4,1,2,0.5204643313846176,0.2508638077273857,0.03754691167456553,0.23205361198266633
0x29a3aed54bf1f9fb8463962594015611192701cdb82292b1ac00488897c1c33a,13732124,1,1,2,0.012587403867885238,0.002983214716688745,0.00749943185689884,0.0021047572942976536
0x2aa1813eb784ee5d1cc2230a8ddbf2f05db74da46f3c141a74b1fcb485625460,13741960,1,1,2,0.01252807333095799,0.002367805859551024,0.007950731809777834,0.002209535661629132
0x2aa4ddc266d1bceb714b15afc72a8e589d79fbf9b22cb082bd2786d0b7156a89,13604309,0,1,1,0.12603251441860466,0.0259314,0.03318343548439722,0.06691767893420744
0x2aafd9d076337733a077dbdd9dec9300d501ff7762051aac6798c1a3fce68c3f,13497733,2,1,2,0.2851461708772065,0.07356771208631918,0.04058944056916009,0.17098901822172724
0x2af0b3e32dd839cc5775d8b3a4e0a52e9419191e11485a9987e54aac9588d648,13733560,1,1,2,0.010871167678648392,0.002098135361979102,0.007037538231845297,0.001735494084823993
0x2af94caca6d4fda894d9a9ad586ef847f3bab065504552c4a9fa713095e39533,13731615,4,1,1,0.03644216,0.0046869,0.0181850075673645,0.013570252432635502
0x2be44cc0d7166e10ba8160ac9efe8b99fb29bd61a6df324f4a6dfc4554ca120a,13607435,103,1,2,0.01069090487715626,0.002790326172937716,0.00700496670898944,0.000895611995229105
0x2cfc9fe7ed5b795e008da9c0a9b785784d0e8932a82c2028bed78a316107b012,13708806,10,1,2,0.013365203875254191,0.00253938873629826,0.008695151513944425,0.0021306636250115057
0x2ea0aac4ac72e9667a4b51927703587aa97838fe4dabca155408fc866c62b520,13605206,3,1,2,0.025346632095918205,0.00519605957966319,0.01827552162801745,0.0018750508882375665
0x2ec6bf93f7903315f3244f260e897bec9020045579a4c56b277ef38050e4d273,13502629,2,1,2,0.1060453431225188,0.053977079649361506,0.04995835902046222,0.0021099044526950717
0x2fa54d5641591c8b247c366299ae01d69c5bbffe3d07efb599b495ee89d80a2e,13625385,3,1,2,0.013667247475308245,0.003334808383975152,0.009189253769515775,0.0011431853218173173
0x307e269b1d3ad720502b9746ea1fb3072804753c6bb3e47c34e4108a75926617,13604244,0,1,2,0.01997152117921825,0.004972908773625282,0.013331558062249128,0.0016670543433438406
0x3087a6c70cbccb58cfce310b8a40435b7db874717bfc1261411803598c9c8ca5,13610582,0,1,2,0.19607660816791583,0.08509724794487517,0.03237137690669738,0.07860798331634329
0x30cef4144c4b2841ee8201cc5a252c54c7611fcbc2afa12713d660864335c91a,13549392,3,1,2,0.011862051000000163,0.001933514313,0.009059009668602496,0.0008695270183976672
0x31508e9304d9681738f6ad8ba34b2ee3c192a77f968c59fcd11a79eeac9cfad2,13544315,1,1,2,0.1428213349129048,0.07598095017366432,0.06574277499633523,0.0010976097429052506
0x31524bcdd754028707a353b4bee0482f7dc872bf8d8a05d0cd911866d77e0561,13600599,5,1,2,0.015925177534644272,0.004283872756819236,0.010290827857152794,0.0013504769206722413
0x319a2b86f8d840c35c82f7de5d727a2d8bf8ddef330bb0e4a50438ed26818070,13537944,1,1,2,0.6724048742178973,0.18222172091305003,0.06669321127935451,0.4234899420254928
0x3377a2374c4080e7b8ac0ff111235736753eec484614788d664e1bd3413d6601,13565121,0,1,2,0.1952082140882998,0.08628203062702844,0.02897252446352702,0.07995365899774434
0x340e21d5cd055222b66e8e12476138ba6de9d6220e289b0c5444fc9c03f38e99,13622460,6,1,2,0.026999088083982232,0.006236789347399842,0.01865423108239644,0.00210806765418595
0x348a723505c63d603b534e4b814616790752b2c2c8b753213fe38a2b6a47ba44,13581231,0,1,2,0.29810636916970923,0.13802324892557527,0.0321978973307968,0.12788522291333715
0x34963f754798a56863e1ff7ac1732b554734344d917aeeac91cfdbb0ab23691c,13762311,3,1,2,0.013413550260587659,0.003460695967231549,0.006756111381164256,0.003196742912191855
0x35196427b0eeca33ee15e0e41f05cc5ea0abe469b4a17a8e78c212bf73c32117,13697552,3,1,2,0.020511963213449634,0.00477928742873371,0.01207075835471652,0.0036619174299994065
0x35b325599ac12b614c9f1d1789cbe45e395a73d34d0b1057f7b551fe3e4e5d09,13566239,3,1,2,0.14910345074970768,0.02564579352894971,0.02100656347592824,0.10245109374482972
0x36313b9c2c5ffbc0206edd03e65277a670f4bf344285c6e934fd57df54fe9973,13497684,0,1,2,0.14359265518470118,0.034175051933958846,0.0298572378965196,0.07956036535422274
0x36e4322773c784082196d399ff79db49ac7050b68449da3b4ecdd809369d4233,13676421,19,1,2,0.12514077850816593,0.049055185175201,0.03063229817958804,0.0454532951533769
0x36e9d40bf1762776cdd6cfb88e6daffde8d63caaf5ee1109ff17dd3a3e2f5047,13733121,0,1,2,0.009983427807276265,0.002635624941120864,0.006158210793699778,0.0011895920724556228
0x370a82b64a4b1e199b3259211268a136e8a34d71196f7be4c1cd3d2db84ed881,13723145,3,1,1,0.414863260172491,0.0959032,0.08361999308725776,0.23534006708523325
0x3797bf6000b092bf29316340597644e466c72c4520e3205e5bec7ee81b7748ec,13671299,0,1,2,0.15986595245939994,0.07385807003624258,0.017658138203884417,0.06834974421927296
0x397275378f341a1d937a7e5c912c2563300c4211627b9d30802aab3ef546b3b1,13742877,1,1,2,0.024877028828837088,0.007189461331533835,0.011050376387945328,0.006637191109357924
0x39cff3e0769bb7a441cf7a93e0e40ab492a26fa90a60dc29bb41c12280d04056,13701387,0,1,2,0.03000000000000049,0.01308,0.00479604965721086,0.012123950342789631
0x39eb9559af14e2ef4678eb368f53bbf9f300b31277904eae8ec539cebb2571a0,13615559,44,1,2,0.029954577054781162,0.006799688991435293,0.016844569066941355,0.006310318996404513
0x3a654c81ecd4c8dfba7eddf4319c2904bf0891b966b8cc3666ee3a1ef147d3f9,13707019,12,1,2,0.012243163780247554,0.001897690385938347,0.00857429392827665,0.0017711794660325558
0x3a7bc307ce632e9fb2fc95662e03adb043a94a91a990166f7da5cd2eae8d76bf,13624570,3,1,2,0.02288956102574427,0.006157291915925136,0.014780816462125335,0.001951452647693799
0x3bed861080494758cfcfc38d8e99b11e17afa88d0d82364c698683812ff804a9,13596109,2,1,2,0.051688341900068095,0.003411430565404489,0.0450723846583612,0.003204526676302409
0x3cbc7fe7a889e9968aeff99a568edf16d799b3be737deae7aa0ace2850734cd9,13630174,4,1,2,2.9911628729450968e-12,0.2991146,0.11982662672431522,-0.41894122672132406
0x3d37c215ade8a20d4715350d9d51549fcbeef102db61ef1f72cdcd0b46a71753,13605009,2,1,2,0.027073942202664212,0.005766749689167432,0.01925777853895891,0.0020494139745378705
0x3e0a94db5e0fa69a3abb4bf43a5708c38a7b75b4124ccfef01bbca4ebff140da,13645076,0,1,2,0.35592592007253,0.17120036755488668,0.02640010913169598,0.15832544338594734
0x3e16d9231be1d6f88755d16ae71244ab4615bf15a91dc547b98379d109192153,13608722,128,1,2,0.37702962769954596,0.1530740288460173,0.08231829889160473,0.14163729996192392
0x3edbd2b3850866ea51cee33c9f29b358537d12e7c9b006af4bd802a0d2d1703c,13521040,0,1,2,0.19392954188312345,0.046930949135715765,0.037425180818996574,0.10957341192841111
0x3eff68f111e6ed2a7b0e8a2e81c001783bcfd02272697b9cf693b1a868040f4b,13735203,0,1,1,0.5156421616480902,0.5156401444387878,0.10652824543080258,-0.10652622822150025
0x3f281990c191c473faa9e8b47e750dd5dbbe98098813c30d6399fc630a02e42c,13737812,6,1,2,0.1063840211375207,0.03946847184202022,0.03031194789649004,0.036603601399010435
0x3f7d7bd9393090a53789b778212576976e54fb40e907a07172825148ffbc4db4,13747650,7,1,2,0.06034251945517303,0.005310141712055218,0.05004174442597642,0.004990633317141391
0x3fb2f9cc6bf55c7e65a9e12cadacc184cfada4f9b7302686dd052997a80ec2b1,13677755,69,1,2,0.0992036647509425,0.04077270621263824,0.020746880728583494,0.03768407780972077
0x3ff965c58ab983f79874005ea541895e70f64e2e90fc2f1d83c27b669ee9c609,13607175,2,1,2,0.10294578073105663,0.03170730046516533,0.041907009020841574,0.02933147124504973
0x41a6343c3b81781ffd5bb94372e42b327057365094a97211fa552b0107f41a20,13471362,6,1,2,0.09669469239072154,0.035196868030222504,0.013806171754119075,0.04769165260637995
0x42de2ad2909d5cb8f8d70338d6ad7370d997469fee5b8ea0529fab9653fa99d0,13586073,29,1,2,0.13940224370612994,0.04781496959120243,0.04743517394484027,0.044152100170087236
0x431aced3f56ff1be2bb5902906dfa18a7b953744c0fe33ebef583a08eb5c5b07,13709881,3,1,2,0.025706507814603232,0.005963909812987896,0.015481485559532304,0.004261112442083033
0x451ad8834104f3d497cb8e92f532491830dfbc2442874643b8bbc2211a90a4fb,13664549,0,1,2,0.2297155050494677,0.11003372691869481,0.017794847768039322,0.10188693036273355
0x45800191c693a1400a67f3a633c9fd4d146c4ee50665be9afdbb1ca28c7a965b,13681476,0,1,2,0.018009820969094023,0.004016190076107917,0.01027008999446346,0.0037235408985226443
0x45aa4cf6222c82f666c9bbe77429f211cfc627a8784363d8b07d7dd30d7d2f0c,13716282,17,1,2,0.08162646221745286,0.030609923331544785,0.049632735555473886,0.001383803330434183
0x465716aff27a3c6d83cbee8498b19b02da8240485db9163c20db3fe957467f33,13746323,6,1,2,0.016751669877419665,0.004422440847638721,0.008238215328987396,0.0040910137007935474
0x466fa068e4cb0efac24a11de6b0322d574f43cb75b7de13c6e9b15fe253df691,13740737,32,1,2,0.08938345126575514,0.0374516660803516,0.01735459684637136,0.03457718833903217
0x475e38ae944a1947a4974cf38532d571cab8907391634bc691df02d6aaca2940,13685985,100,1,2,0.07817597241176535,0.031035861047470685,0.018400522846455433,0.02873958851783923
0x480776f4689e29e5d490250fec55637c5a674e76d8e0b58d54f506880df891a0,13733277,2,1,2,0.10009420710644377,0.03152967523852969,0.03926355359865521,0.029300978269258877
0x48270b36eea6dd0ab2d7a97bc3786d6c45fc6b299a8a9ba49dbc3dc4db5408ad,13682245,0,1,2,0.4462247554781056,0.21686523116235915,0.0287040922158672,0.20065543209987927
0x487f06ea61e04483755079920d3ae6fa4be46f0ef962f4002848a6bd9ebe362a,13603763,6,1,2,0.018641942556930115,0.00214382339404695,0.015400626416225712,0.0010974927466574514
0x48a94d17c8c2aa16bd5855652b4da1bd54b9594b10d7cb826ec1ae295488478c,13676864,1,1,2,0.012778373441017968,0.00214676673809099,0.00862702040034891,0.0020045863025780694
0x48bdc90b2ce4e1fce591aa2ca595f52ab2e08a2556376c6af78638ce1677fdb3,13655111,0,1,2,0.7975807355158413,0.4035758521710155,0.01994856159424366,0.3740563217505822
0x49113cc38be959e8f9995096bcc24e19b4e033070d922b5c12bd8738921b2c04,13708839,0,1,2,2.1779140070249463,1.1129140575897474,0.03414618892062208,1.0308537605145769
0x494132731a953af6eceb637b9e197af55adc8a9b624253a08871d9e226a944f3,13677569,0,1,1,0.5093500009302325,0.1480926,0.04575355696718892,0.31550384396304365
0x49901aa65c44643d0b0daed304b952fab68b2fc3fb39cea485e50e705fb5268e,13742496,5,1,2,0.015223755021690865,0.004034295080748009,0.007452366688360391,0.003737093252582465
0x4a49b33e924c8ac540334425aa6c65d99081e29f7cd4f7085558dd36bc09099e,13606405,3,1,2,1.4214533804349094,0.5444166447065703,0.37412117730230826,0.5029155584260308
0x4a7c662baa0effb42f1fd0ed115ad9e7fdf71fc951f842aec205fc32dfd5c2f5,13760133,0,1,2,0.020463303665435712,0.00640501404728128,0.00812424818182476,0.005934041436329671
0x4a81119b164fcaa879581edb3fcfdbbaa69403741743eb9b4de6703faad90a77,13480547,1,1,2,0.012707034190495868,0.000520988401810328,0.010088976253913218,0.002097069534772322
0x4bb43e7e8f52d05b633ee3b72b3d7cc30d2e89678e82e697604591129dd7daa0,13694396,2,1,2,0.02900542223391128,0.002320433778712896,0.02449940376615288,0.002185584689045502
0x4c6b82da7e4ec840ebce2df0da767ac8afd49ec454c35a2aed6a5249d77b9bc0,13590461,0,1,1,1.2957807671521109,0.4052153,0.11909550236092009,0.7714699647911907
0x4ccf8136b1265c64c9bc683e50a32a3c7afe3ed7a8ea0b8476169f93f673f25c,13718681,5,1,2,0.03627749020300046,0.009432147452780051,0.02301492287563068,0.0038304198745897286
0x4d09682053a332bd8a631577c744c7855095bbb7acc7920f725bf3f7ef28583a,13682913,7,1,2,0.016408390445092968,0.002723792813885404,0.012917058589470806,0.0007675390417367575
0x4d4947b2b2743ebb4cf542420aeeca49adf67f8f43be45a465a890e59325f6d0,13651128,7,1,2,0.010846172938570415,0.002331927181792593,0.006748080129998496,0.0017661656267793265
0x4d4a71c048de876654d58866f113bd72bfea322742a3f3083d23af839e605db3,13505144,2,1,2,0.11387791226212048,0.06878225900632091,0.04051987159135487,0.004575781664444695
0x4d75b8a90f4ba32f6674afb5bcbc2d63a3e6dfefa32b2960247093f70b1814bb,13592036,2,1,2,0.01662162752577624,0.00398919060618624,0.01129075477579656,0.0013416821437934375
0x4d8c2c6fdaba01290ea28f741c18b028fa25e1d0f54475db2f57cdcbfa32679f,13493613,84,1,2,0.04656539707026937,0.00330614319198912,0.02872247129835332,0.014536782579926931
0x4d9a0ea45365b1e4aad03f574616383491039ce372b1b45bf391813545505bbd,13743071,0,1,2,0.19513433377562206,0.0924936742096446,0.01724652132137171,0.08539413824460575
0x4e6e9292f4e9afd64e173bd057aad2ca81c8083f5a95a5560528a20abd318b58,13738158,2,1,2,0.5818727217910298,0.26009710664059016,0.08121645925175702,0.2405591558986826
0x4efd88dedb448550ba00f3405295fcca3ff74243f33de992820ab3e27e4b4918,13710136,9,1,2,0.021064348467855185,0.003854775769617465,0.013618483520783086,0.0035910891774546348
0x4f052558c022da2c99573d1d322835016423fc2afab03d3aa1db20c10067f580,13751515,0,1,1,0.18652875791323686,0.0477997,0.04280641292893539,0.09592264498430148
0x507885392a2abec069f94de70dbbddc8a8599c3f76bf9a1e7c20d7c41ca8bc20,13717149,0,1,2,0.22975434545141282,0.09833485985320446,0.04048147163069361,0.09093801396751476
0x50bd3c97187f0d938bd987c170329c7b656629fed7e4fc13873382e3c64b35df,13695842,0,1,2,0.05285683692523585,0.021037021096243887,0.012304281056346998,0.019515534772644963
0x51316ffeb6ca1ad5443f16b0548d9d38a7280387fff0497b6439fcc5aeb722e4,13493177,0,1,2,0.047914707955330496,0.004503982547801172,0.025381333087624355,0.018029392319904972
0x513a4b0a6207fe4628482241541051d13979256586296a5b6dc29f6dd27c4b1d,13681610,5,1,2,0.01721879251785021,0.0036159464287485,0.01079907866491872,0.0028037674241829912
0x5338004b2cfe2b49256369c584d42b7e2720ba6638c608a97ba6c4795fede30b,13726186,53,1,2,0.3750200266933923,0.182259732972988,0.02448582430753921,0.16827446941286506
0x53d24ef361358678b3893bbd61be406894607f8317d8b9329616d839725824b0,13700765,0,1,2,0.4384750650047565,0.21353735665731613,0.027084082974448333,0.1978536253729921
0x540cfae6244b31b66ae8b6ef99a0663e0ef8006b4081fb2671961c9f8e3f02e5,13596420,12,1,2,0.024886752110892203,0.00510178418273286,0.01793183886115893,0.0018531290670004107
0x54a33f63020130848a9508d71dfaeec222b93f9621ad2e617c641194c49a48d3,13733863,1,1,2,0.27651057387846967,0.11751699389835002,0.05023796405239368,0.10875561592772597
0x552ecbd920fae57c00fcafb17a7dcb6424845b481664c31d7390600ccb96d0dd,13651021,4,1,2,0.012450578695493639,0.002988138886918416,0.007342618529329083,0.002119821279246141
0x55cbd0e2feedb7722b55141e94ea062efc71292a7c1868de406b631ca34810a7,13601584,3,1,1,0.09970883209302325,0.0179249,0.035072364107999,0.04671156798502426
0x55fea74ec0f6279d82198c325585534b2514664cbc9604a9e7664979fe940354,13650833,0,1,2,0.3425040391203006,0.1558393377997366,0.04237799720782553,0.14428670411273847
0x5639d423e61be437e9e79ba572dd91e6ad00e2f711f74ba0d6b5f057dac2cea5,13720554,1,1,2,0.01331025443540124,0.00319446106449624,0.00788899052847162,0.00222680284243338
0x56dca39917f1b6956625380e5f5367d546fff7dd1c3fc3733b506afe2aaba61e,13737268,3,1,2,0.009717303737295154,0.00149646477554343,0.00682902756229032,0.0013918113994614047
0x56f477f41190f2b13193354a633fc2db253e06d419cbda089b4acd0f8066a4b5,13740740,2,1,2,0.10393119276558008,0.04261178903388744,0.021934784425363583,0.03938461930632906
0x5737c080b55655ec0ef64fd527f0e595f085b2447f9c07ebdc43c0789b4945b8,13681735,0,1,2,0.11893305926058104,0.04638389311162647,0.029528496975695515,0.04302066917325906
0x58058226e20a678d9669a7614d9f92f39c085a5228f3d9741248d064d4f1f852,13578369,0,1,2,0.29826713717727066,0.1407820887476715,0.027124285130292223,0.13036076329930693
0x593e295b05a1c0b126c9ea98662067c00c7dbc55db7bf0b3cc1f77c16ea799e0,13741111,6,1,2,0.013728836858121252,0.003459666888246492,0.007065063162539712,0.0032041068073350486
0x59e6116f8e3086514ffd03cb2e5b841bb91cd7fffc56456ef834a4e40474f785,13651193,1,1,2,0.01233955467942135,0.00185093320191318,0.008759625254810496,0.0017289962226976745
0x5b1287f76987efacd6139c096231e210f7c97c18200363e83a98e1032250fbfe,13757984,6,1,2,0.012354571588035886,0.003533407474178181,0.005553525873307339,0.003267638240550365
0x5b40c49e5472887e96046efaa0376e491f9952d7b34e04aeffdc3bcf1d128133,13639863,1,1,2,0.017045702788590182,0.00305118079915761,0.0111669265340103,0.0028275954554222715
0x5b4be29802ee1afc93b1c1f567090fd296188c957e77ab53ef5e5bbd6f851ccf,13690383,37,1,2,0.26220112361713144,0.12611874045984003,0.01962857367402209,0.11645380948326928
0x5b816c184809ee06c21f8484854966ad5375645a6bb1810f30c0353be7949ca3,13675617,0,1,1,0.37194744511627903,0.1002647,0.055031066086409876,0.21665167902986918
0x5b8d4a7ece434e647ce0f7127623965eb78f91e9a40262810517afb5988f4222,13553838,0,1,2,0.19432140896251807,0.07442509963264457,0.05094832343398996,0.06894798589588354
0x5bcaca62b584a54c88b212d64ddb690a31c0497f6ddfe9562ffcca6fac19a5c0,13629541,4,1,2,0.01620076351546814,0.00226810689216552,0.011825266903854208,0.0021073897194484117
0x5bfc26c3b6cfa18b38045c4c3f8b0b2510729efc02aa968426605c5f8d85bc47,13735265,3,1,2,0.028853377583065925,0.004760807301205855,0.01969359698946309,0.004398973292396982
0x5c360d401f127685cc1185720b54d51d4d05f92606dfcb6fcf73f53a51aaf97f,13742033,0,1,2,0.1050397407985452,0.03981006176264849,0.02831749205210313,0.03691218698379359
0x5cc24ee257b97517bfee90f6c0efa566d474ea34b174d19be24e61f0f06a512f,13479781,1,1,2,0.04820629983469228,0.007423770174542584,0.01112815660176029,0.02965437305838941
0x5d68110f7665f7422dd12cd4d92845fbbc2a9d29b9c773112b9015d2a5fd4d81,13513440,0,1,2,0.4027046424739557,0.1115491859652857,0.031215130815049758,0.25994032569362024
0x5dd25649ba933d5a77c07f16ed4f9e5d61574a226f6eb05670499af813fe97d6,13709634,4,1,2,0.016237993070098936,0.002208367057533436,0.011989212033461328,0.0020404139791041723
0x5ef664eb39a9735069f19df21ff22742e824bb43b9e9d281f6de55a168f50925,13615337,0,1,2,0.8499036097651629,0.4309011301509374,0.020077385701804597,0.3989250939124209
0x61dbb1515067e456fbacd3f2caeedd636d927a14a314aa1e1728b038449bedca,13743243,2,1,2,0.018718854998243665,0.004941777719536257,0.009211740017963745,0.004565337260743664
0x61f62eeb6e231e1d8535666b8cab60a94da3c8007f83a986bb87a6ded3504d5c,13683848,4,1,2,0.022484713290177833,0.005261422909901558,0.013486811087087897,0.0037364792931883772
0x62810c7d2fae231f902824c47cb2a70efd0e52c2cd4b7ca8c7c7e87350bc26a7,13686048,66,1,2,0.012655565113653193,0.002429868501821376,0.00818308964495616,0.0020426069668756566
0x63aaf9ee3bd7cc6c7aa2cf611b067bbbe43d1c03bdc96cd5d859a3902c167183,13500751,7,1,2,0.05834810336943295,0.005601417923465553,0.03960493228574917,0.013141753160218227
0x63afaf345e99ebdc60580adbf8d8feb9e3fcd9cb43f83693c3be07fd44304648,13664548,3,1,2,0.22992481193328035,0.11036390972797433,0.01745861084551328,0.10210229135979274
0x640566597fe695b20dcf513371f15a41ffe12a11dbc7554d2a5295bf3fe57604,13586063,2,1,2,0.11406039912127644,0.03798211290738487,0.04092355635233673,0.03515472986155484
0x64d49e9bfffae17cf816bee0879c33087d82c160906d1acbac4a733d3fcb5d29,13664074,8,1,2,0.04005127904928108,0.006928871275525559,0.02666023466113202,0.006462173112623506
0x664261ca2c7b969e2e30b8c6f77e87779fff5c11cb6504a6b59005f1c5881d90,13616450,6,1,2,0.038095549507052864,0.011542951500636923,0.01580477365151615,0.01074782435489979
0x6726ed141a3fb39866d273b380b0d54c7059ae1a31aaaa9dfbb1acffe3e949e7,13666090,8,1,2,0.01638066051578902,0.003652887295020902,0.010016045558868984,0.002711727661899135
0x67573be8a03ae60f1020c7001a515753da77c34a4d91ea8b464a247d15250ca4,13746478,1,1,1,0.7495853058146226,0.2266049,0.04726302959948864,0.47571737621513394
0x676fbef1cbd4afa1bce61b6ef9a96e3cb923468419f3c5102f454c2ce4db4f4b,13535320,19,1,2,0.02760210728859108,0.009191501727100756,0.01226352891613668,0.006147076645353643
0x6773baffe0477438a52d0263beb711d9e9a2d2119a30da6e1e7851900b04ea51,13605863,7,1,2,0.012130671901572118,0.001431419284385496,0.009982876530078408,0.0007163760871082142
0x67e7dfd767ee974b0c501bac40951d6e8375073f4a4ff6b67ed7d52979415657,13754654,11,1,2,0.021957806411541252,0.005555325022119873,0.011240330592987013,0.005162150796434367
0x67f565448e9889d460737faf9c03f2ab99df256d02866b6d0dfb7398abf5915a,13676336,0,1,2,1.1487564105758432,0.5812707437513779,0.029671073753692996,0.5378145930707724
0x68109585062782ac8c30dc59b00f1c0bac6599d910fa1f476139d682813e31ca,13497891,1,1,2,0.0534194330457489,0.024572939201045398,0.02432543623009569,0.004521057614607811
0x684e204ea5f04709b28155b54c43e3e23ae7a33e2c7307fd2d3e821e380b325f,13631489,6,1,2,0.0168032214152463,0.004990556760328062,0.01026114155973156,0.0015515230951866788
0x6978707ec3ac3060908d15bcb36c5e9c4701b510859770a2fcc0d35abcbccb8a,13641531,5,1,2,0.13685795567435022,0.038867659411514384,0.06197190332305963,0.03601839293977621
0x6a131490e88d65dcb2ff754af2c794eaf56f03ca4a3f58c445cf5e08af4746ac,13657751,0,1,2,0.015986959479036198,0.003165417976849128,0.011660389109319371,0.0011611523928676988
0x6a3679e14c7bd56f8e2fcb70c549b11e47baefae02b4aea60470bf7208725a8a,13677589,0,1,2,0.09100368955124408,0.0327613282384476,0.02789507946621942,0.030347281846577055
0x6a46d53a04181392791aed159a36ba1db7d055a8be65d52912eb21f83b591756,13592271,3,1,2,0.06778563557835558,0.01179470059063384,0.04508457420569496,0.01090636078202678
0x6a8c58410063761572622140f454c63fb05b080e91aa34b34c681ca8844ad15c,13504409,4,1,2,0.3325399597515933,0.07847943050137546,0.07085628641922002,0.1832042428309978
0x6b96692ea61b004670a3faa838dcd748c0b87b91d075d6b400138b210bbf8865,13695044,0,1,2,0.012519238396203234,0.002929501784711502,0.008089709392454774,0.001500027219036958
0x6b96afe8b84a3986604cf7264f026db3647ae4b51d5098e92fcf1a7f137875d7,13551115,2,1,2,0.13221608614277788,0.03040969981283889,0.06717686056610044,0.034629525763838556
0x6b9dfbb4b8c4ddc097a85b86055f7efaef5817648667fb8f5cf23fafa417d408,13634309,0,1,2,0.44117530228798574,0.20867591798221738,0.03984270012989499,0.19265668417587334
0x6b9fd8219f7727b73ce787dccbb62f577334e711b5a9508b448df5f3ffbb2922,13625965,9,1,1,0.7636577099144525,0.2460914,0.10530567946697782,0.4122606304474747
0x6bcbbe072ae39843c0ee2ed8795640c91cb52a1cb2f5f3619f194615f948cb10,13476988,0,1,2,0.22257829081282193,0.10372148351877482,0.018896560763310775,0.09996024653073635
0x6c388fde6bd07d56f6b120f50934cb1ac116cc4db76ecfa0afd2fcdac737a3f1,13653130,9,1,2,0.017404130655034433,0.0040203541813129,0.010496542135695562,0.0028872343380259725
0x6cd0e4778736629f1def8a55ac8b441b3a1f36f069e8bf023ae82a398df36bab,13719661,10,1,2,0.014420001852333384,0.005551700713148205,0.008397446257063831,0.0004708548821213479
0x6dc690ef76a837da314cde37f5da39f8fa2ae5df773868fd41b0ebf4ec390804,13623767,1,1,2,0.1367665115372157,0.09628362412219943,0.037631055348172925,0.002851832066843342
0x6e1647c78f9c8d49fea99d16f74f28cc796d063ae96ff6e182c9416f226ba2fe,13682396,7,1,2,0.01575564190685113,0.00204823344789063,0.011808041953277087,0.0018993665056834114
0x6e7a437a9ec8b4b122588426504fa78ba44d395d1ba8011266c858ab10248f4a,13602481,0,1,2,0.15180725374721832,0.06148193776762296,0.03293606104604975,0.057389254933545616
0x6f045970608ef276098b92cd687ef7f947ce280ab08ecad70098052785ccff67,13505914,5,1,2,0.04673908261990444,0.001635867891696665,0.03848428712849452,0.006618927599713255
0x6fd3cd8859e5a168ad6396a2b48a5d3c5aac0e224053103abfb9b01f3da5e333,13515779,0,1,2,0.12838573189332414,0.06778766643967483,0.052010295087401036,0.008587770366248283
0x70229bb106199e7656a82ad4db957cd2be9d743f38f8371c8e81ece2bdf1672f,13666147,50,1,2,0.013334489748380047,0.00329361896784981,0.007801482144228192,0.002239388636302044
0x714591a4cb36ddc39d6b8c439afde2f3d309f24310e863250a7ff94a9e663f1f,13502380,6,1,2,0.07482271413137599,0.005536880845721818,0.04699801532220569,0.022287817963448482
0x7161233de21807fe5f7ec7a7e4258af27eacc46b9ff6fad9a712bdce3428c893,13742114,0,1,2,0.020471203608748434,0.004810732848055827,0.011212743765798708,0.004447726994893901
0x729a06705d909d38a3fceaa30eda8cc818808d315895d5d5165453a6a8c7425e,13756510,15,1,2,0.013558583511950682,0.003850637717393913,0.006140919335982,0.0035670264585747702
0x72f40622709704d6639b207c96d80d547374062cf1901208e0b0ee0d97db1f97,13593919,5,1,2,0.018944374384152165,0.00312582177338508,0.01453550737859577,0.0012830452321713152
0x73d45b1c92e1f953a733eff1caf115aa30163b01a35d1f1a7e87a57fdf3f81e2,13715379,0,1,2,0.01588952452709189,0.004592072588329472,0.0102321522074448,0.001065299731317618
0x73fa15b16d0c86088d135296b6c362969d3d1c9ad4e69e841fadd66127908d5c,13744975,0,1,2,0.015516055863277405,0.003180791451971826,0.009383130941535926,0.002952133469769653
0x7458ed989c846073684eeb761294db071174edb4643dca62d60f9d08735be87d,13468293,0,1,2,0.15492721942919804,0.031605152763556216,0.030771284864981582,0.09255078180066025
0x74b4000a237acd6b942812c0436c8cd02605f3b80eb9b0dd22a913a92bf2510d,13489915,3,1,2,0.08112636243932499,0.0124123334532167,0.01916546861644933,0.04954856036965896
0x75543ad5a4133b2d3ef3b58e0f5dbaf821c99541ba712ce43fba110d03719990,13512383,8,1,2,1.816640362932979,1.427879325265321,0.07817713430486382,0.3105839033627942
0x75c19894200a5d2c7f067f352927fc226a477fee5326f9c24cd14b17dbf3c833,13651700,13,1,2,0.1300390401745525,0.051625498949297376,0.030539326271419042,0.04787421495383608
0x75c606597b4b906c15896319f6a8d8d279e52d708487ed8b233e524386206958,13690367,85,1,2,0.07114949094495658,0.026396461140578753,0.02035396193466096,0.024399067869716868
0x77442af262d6b509eed8885bfce4f93a5dc94e94981d57301b3621a136377d04,13591306,0,1,1,1.5466828964220214,1.5466828961894632,0.07840658923329298,-0.07840658900073484
0x781df8ad4b89011810ca68fe60dd37c56ade1b00330a6eedf252a2b549a6b4d7,13706124,2,1,2,0.016407388914563018,0.003560403394460127,0.009538806460350276,0.003308179059752614
0x79608fa9bc3dbf893a97396d498585f59463d505a8c4b7cb6a0e0c5fa7f79ce7,13727498,1,1,2,0.16960342098073222,0.06919819576013865,0.036445782631745825,0.06395944258884775
0x7990897ea893c1eb0bbdefcaefa12989e36a4b6ab3428ee872d2dacb1893e2cd,13594354,3,1,2,0.011963030947812174,0.002081567384919288,0.0090912164422791,0.0007902471206137855
0x79b821dbbb1bd436b243b05d564d3903c007f5a21b4fa37309b4aa391becc5d4,13738215,5,1,2,0.13691920446814973,0.04888015599512926,0.04266162694089421,0.045377421532126254
0x7a657a051518c6fb9e6ad44227fcc6f81e9a4bb3e7e1e42b0314ce32749a7680,13635728,2,1,2,0.04149189801656383,0.003360843739341663,0.034980187313531266,0.003150866963690907
0x7a7fafa99b48475c13c6e15d65de1f22213588b0e39824b6362446076ecc8120,13734978,9,1,2,0.014123337999863633,0.003276614415968308,0.00851074261730046,0.002335980966594863
0x7b463fa1cb90defac3c4fa3954b327409a547eb9eca12a18a31a369e41a91b4b,13578995,0,1,2,0.38775015968223486,0.1795283239328745,0.0421154261933281,0.1661064095560323
0x7edb395a33e6560d401dc91fa9995c5e4bdf6e0e4940147926f5b10e4b8af9b2,13632179,1,1,2,0.014306345304552168,0.002403466011164736,0.010925986921981684,0.0009768923714057482
0x7edb6972bd413429485f36d4c5223d0f01123aad966dfa1598043f56d8f2c82e,13545968,0,1,2,0.4863557271163357,0.2256690573819791,0.05221489299551811,0.2084717767388385
0x7f56fb44c1d92c387ca0f41bca74fbe4cef2fe116eeb6c7fe68f904cb7afe8ce,13608396,5,1,2,0.022216985976906255,0.005687548410087936,0.014685599580014296,0.0018438379868040231
0x8550c14203f6e9f15ac8316afed3bc537d05a0266639c92928d9877600dc88df,13733801,3,1,2,0.022746038389194652,0.005322572983071494,0.012395531602922227,0.005027933803200931
0x8595643b58d92b6ee57fb9476994234627ccd34c940feef9af3811e50d2c0f5b,13498242,9,1,2,0.035028093988640235,0.00234688229723889,0.032381703990754726,0.0002995077006466215
0x85b4f31a6d27dde9edbb3ab185beff0da24b3cd64433c84d1073d2b49ba9fa1c,13569160,16,1,2,0.12577159986223999,0.05131481274379374,0.026876642481710237,0.047580144636736016
0x85d1f760101d97d9a35713be7983f8ba4b26850117c6bbe4197ec243baf5022d,13692458,6,1,2,0.010926230501201567,0.001824680493700633,0.00741396253733712,0.001687587470163814
0x861a6f4e2b35a5f364aee85c5f2dd50a6e688388bb21bbc1b80dc88466af232e,13727524,65,1,2,0.06761548930256518,0.01663341036843098,0.03555141779899845,0.015430661135135748
0x8648ee4d1977a0607398b7ce769ab1398a6ecfcef8c05dd9dc9ecb0a6a8ba52c,13634373,1,1,2,0.016336070113986124,0.00204200876424825,0.01329297588473877,0.001001085464999104
0x86eb48467a3c8ffa386d1162d2581bce89870b955ddc7cbbace190439bcbd7c0,13615938,49,1,2,0.05250449735039092,0.018901619046140575,0.0161351301187797,0.01746774818547065
0x88221788002bf53e1eec14de67f9dfcd21ea8e7525490b4f839b2c83c7bf9c23,13664546,2,1,2,0.23013440515812764,0.10954397685526854,0.01945267433012485,0.10113775397273425
0x88fc876b6ddbea34b4b396a36625f2242c3505fb0174d726cb32f1c4850ccf7e,13464604,0,1,2,0.31461440361367166,0.15321721455985793,0.013645363629698206,0.14775182542411552
0x8923d660c0a3f7484319cc68a8ab51eb73448e3e94dfca561c1baa9bae3c0fe0,13712891,0,1,2,0.012599950546675932,0.001650593521614529,0.0094235381987688,0.0015258188262926037
0x897efe99db2a63688ed9d39f4b27b3e17fff021129dad60c9b7db6ba4e44b9dd,13652848,34,1,2,0.015343758794410415,0.003298908140798193,0.00899094043535832,0.0030539102182539028
0x8abf25b82b350b7f7de8b8153fe1a09de6eb0837e8b8051783699c462a858e98,13708295,2,1,2,0.012642124510461861,0.003312236621740939,0.007749036885441168,0.0015808510032797535
0x8b56c86c67c3a0c68cde114173fe5454a4f8c5a693cd2d83ab47bc902b06660b,13654297,1,1,2,0.01149580204389554,0.00159791648410146,0.008404873364390688,0.0014930121954033915
0x8bf4a921019a002ff91065f4a2521f88889a0f0759ee6964a52947700a929b43,13643321,3,1,2,0.01275610340341278,0.00230885471601768,0.0084406728208068,0.0020065758665882994
0x8c07c360e923fc15a862386ad4db61cf9eac58a5b1ca93a129d7b7b09af4ff4f,13640947,2,1,2,0.1553116811607863,0.044108517449661946,0.07042512846012493,0.04077803525099945
0x8cb08ed7044b42115de73f46fb3e8f5a10d765301a242c065f9482ea7811a771,13758165,7,1,2,0.008825248761852823,0.001976855722654982,0.005016758273639024,0.0018316347655588164
0x8cda6e76f9a19ce69967d9f74d52402afbafba6ca3469248fe5c9937ef065d47,13710542,0,1,2,0.025000000000000404,0.01005,0.005663884982306208,0.009286115017694196
0x8d5edee9b1f486d16477b8e71184f21de2bfa252bdc522fe35e908d546a9252c,13639024,0,1,2,0.11584148175594022,0.021662357088360788,0.07414172331404725,0.020037401353532186
0x8df10e7755fa1482fa1714f2b52cec1a4d619b668c6179a7017dfd02e692a378,13755209,6,1,2,0.061084366208112466,0.010995185917460211,0.03901657353238214,0.011072606758270119
0x8e8cb4dcb3ed51a08787bc8c7c4297159ae0aae99f0e4af5f3ce9307af48c1c4,13668059,15,1,2,0.01729523735380996,0.002784533213963377,0.011936428920849814,0.0025742752189967678
0x8f93dd2dd52201c821d4fa8bbdb8d600bda5a74d13e00c8c91d79a61a71508b7,13750839,8,1,1,0.05734372023255814,0.0136658,0.014888252279590055,0.028789667952968084
0x902dd8cda5eb4c6e686ff148cdfbf72d7aa244cc244397158f97fa79c70a3eb4,13762296,2,1,2,0.035663074695677005,0.005135482756177467,0.025768378064923516,0.004759213874576021
0x905b048b318782782283d8954e5fabcd3cb7d9df6d7b53d793ccefaada3ed4a4,13538014,0,1,2,0.34672129362520293,0.2912458866451733,0.045819151574015095,0.009656255406014523
0x912a5099a298f25542bfcd34b1ef2904e064008c3a7f29c416fef866d26603f9,13685217,12,1,2,0.01643555376803361,0.003500772952591114,0.01025443551134796,0.0026803453040945367
0x91861d9f59f4d01c02eeeb618a9323090161fb147df753a3745d140f6b260080,13746718,5,1,2,0.020828313535075478,0.00581109947628598,0.009621350516421049,0.0053958635423684495
0x920975d244c045ff692742aa8955049faa7b5e28293034a8090f605f339f68a8,13546574,0,1,2,0.6740038980620626,0.3349799373368449,0.029653747556930447,0.3093702131682872
0x92134daab6e8947995d71d0ab79e636c552888e7578571df37f2942356f95ae2,13669548,0,1,2,0.06534491017585999,0.018819334130647594,0.028965213743908896,0.0175603623013035
0x921f5a492d2d3a655253d9fe3d22cb21719fbe8962797260cbb1c770266c1bb5,13595623,3,1,2,0.0202944414647522,0.003977710527091392,0.014848268226189716,0.0014684627114710889
0x92bd2a349371ca2865853ca731d56d58c4f7f84f1b6e8967b7e28c5363ebc776,13631783,0,1,2,0.012290093680158203,0.002494889017072074,0.008894773512438793,0.0009004311506473368
0x9368246e46229220e320ead33d2ce0d3f7e343510b00492ff1c8eb716e99fee5,13728135,1,1,1,0.309027242148849,0.0771893,0.048363471346265396,0.18347447080258364
0x947a669309704433004a19ef5fe67c129169238384fd4bf2dc48a5ca9e8dc1b0,13745906,8,1,2,0.011796096058916542,0.001675045640366128,0.00856903283980118,0.0015520175787492336
0x94c52e825104e812e3f15376c420ad571b4b621920dd1b832da113d71eaeee0a,13651714,6,1,2,0.01467978358783885,0.00366994589695965,0.01009451073695832,0.0009153269539208808
0x95e8a25747efc8c45626e0ccd8eeec54d5288772d55bc6f0d2e088118932e787,13641578,0,1,2,0.20380288891737364,0.09008087690147891,0.030457234655316523,0.08326477736057819
0x97b2a247605a23b29cd5fe62c40316bf98504a8ff3f328f58e69aa626d0b78ee,13615357,2,1,2,0.03940263961116218,0.008589775435233305,0.022825390795154762,0.007987473380774116
0x9ac6722c42a63669c815505a0bd10ec77702e78a34d349919f87bc584506d3c3,13724717,3,1,2,0.017478273363843805,0.003565567766224094,0.010617036787681841,0.00329566880993787
0x9b45dae3b1c9d7a48ae6382110282ec8ced824e05e97a938439f787a9d141ca4,13631596,3,1,2,0.014235280240230273,0.00388623150558279,0.00912870431548704,0.0012203444191604424
0x9e37ce76c0c6737b48f3908c3be7005c7bfa257642dcf951a576494abe31cf34,13729603,4,1,1,0.028610311627906976,0.0021027,0.018648842403699576,0.0078587692242074
0x9e626a49edc187a45b7d487d491246e36edf862bf2a74b597b4faa28ec5cc61c,13495566,8,1,2,0.04821016762413391,0.003567552404185903,0.03633450033573839,0.00830811488420962
0x9f72fd13a69625d59876f58c15f96064c35bcf8b5574b6baca2375c4a1d31afe,13659297,0,1,2,0.23161989213802658,0.10330247189355979,0.03261558271501101,0.09570183752945578
0x9fb41e8bb9fc045b907dd7b3a05b7f4a8ee81d2fd301c5f54606565f330168e1,13491374,3,1,2,0.050693738056680746,0.00380203035425105,0.031627801339157297,0.015263906363272399
0xa028720fe74630ec50e70a375fb70bfe82bf8a0f1511c29e2ad0a1d90cf17214,13609587,0,1,2,0.22925414554921608,0.20174364808330947,0.025998509759833224,0.00151198770607339
0xa297c8f68a39e87454d097b260c135b56f193c14789112047cd72b2888149ba1,13663408,1,1,2,0.01629571082804305,0.004090223417838742,0.009444562132065964,0.0027609252781383414
0xa2b2952b6dfffe3b354a73a36b488c8fc580379fc89c4fbaa130f9ea86058c7b,13640416,2,1,2,0.018019949856804218,0.003928349068783272,0.01406478775372116,2.6813034299785765e-05
0xa2ee69d77dafc96875053cbb707144de3da053b495ef749cc3d499d660f4687b,13557834,0,1,1,1.8844256758331377,0.6405453,0.11613819580181133,1.1277421800313265
0xa380dbd346263e1b4d861e020da858892d38880947702854a5cbfa65fd864026,13733712,0,1,2,0.3071770331592895,0.14867368404909592,0.020952533118892298,0.13755081599130128
0xa3c990492733957dedf2a329fd58900997110edc224613e9f90fac149dfe6cdf,13597689,2,1,2,0.024230270431584152,0.003731461646463936,0.018842999558339672,0.0016558092267805434
0xa41d0f361a830e968ad7abc1efd26d7c5d94580ef10785e4e3bfacfc337922e1,13590749,3,1,2,0.2988551811336124,0.08756456807214774,0.12992165586726892,0.08136895719419576
0xa443bd948f12817cdde2974c2f75ff81e129d2d1dac42931ecaec4342235767a,13663713,0,1,2,0.014976573008997813,0.003204986623925486,0.008797604738204115,0.0029739816468682123
0xa509fe2ebb089af56cedeaed75500afd22f457ef93aa2afd7293ffea9583c347,13763094,10,1,2,0.0128651625794541,0.00385954877383614,0.00543126199055832,0.0035743518150596404
0xa597533a749fa945ad07e2814dfd3050eb8089ea7dfac39f917ad97ce8556b7e,13527358,0,1,2,0.1338108810018067,0.03947420989553288,0.0289040796999656,0.06543259140630821
0xa5b32939b2c8314d33ed3e1ed6953e970552db96dc35e00311001065f3373b6f,13705803,3,1,2,0.01754126438248813,0.002227740576575976,0.013241562216553916,0.0020719615893582365
0xa69ea4095972df741f309f7083fb15a19c3af1a3a5ec2339fab48f25e10db4e5,13728267,25,1,2,0.015565286313977598,0.003081926690167525,0.009624213943753578,0.002859145680056494
0xa771274848f229b2ccabcb77015d59f27ac6cf35c4e86234f563d0c08bfaf88a,13640055,1,1,2,0.18692976498466568,0.06579927727460405,0.05742621276709356,0.06370427494296807
0xa88e348159ccd0641ef0378612dc5dd10bdb7c080fc6aba68e37b80bbb4e0583,13729836,0,1,2,0.732958026547029,0.5196672408218431,0.05660310030376508,0.1566876854214208
0xa91ddc5af7e783a96413d5f85a502338659a9544c9e94822d8c30906d97cc520,13632421,10,1,2,0.13035259552210773,0.05266244859093246,0.028922385240499025,0.04876776169067624
0xa935b556b4ab0039aec4b234409e2aa6c980ab4c00ce3ee54a2a2769f7122220,13638499,0,1,2,0.09799295089089194,0.03821725084744771,0.024379705379763132,0.0353959946636811
0xa946648e8bfe313d074faa774d530b0cc7c11963fdce059393d4987427708168,13727515,0,1,2,0.1034642502278196,0.03538477357791406,0.0353452370189755,0.03273423963093004
0xa9c1ee4ca60e92cd7c357b8481433982ab8a6219fc224b4c753a80f0548bc9a5,13607524,9,1,1,0.14510522093023256,0.0404315,0.010054983104029105,0.09461873782620345
0xaa2409e11aad2e69de7339c0ab8b2fe68c310d44ec0ecab0deed369762bb63ac,13519748,1,1,2,0.10958318601398945,0.05687367354126041,0.0493873536753898,0.003322158797339235
0xaa97bb4cf69dbfe84f4f43ca27eff13913c50322f7a65a5cd0cf7c62f9d8b32e,13500125,0,1,2,0.06312420906969844,0.008837389269757783,0.03374846712479265,0.020538352675148003
0xaaa4470eba5473aab23a896f0b6d6748ca60a9688ca75f871c6cf536996c76ab,13523001,0,1,2,2.048782352058062,0.6023420115050702,0.046801986704889824,1.399638353848102
0xab733fb554d5e0219e21211545245f9eabba6cc2b8ac75a0b242b40706dc7bb0,13682723,0,1,2,0.32112915133432063,0.15317860518647075,0.02624037915039358,0.1417101669974563
0xacba32a393099a181371ce4909324d329c24b69e765c46b9655a177799764409,13632426,30,1,2,0.2216699024842148,0.03768388342231698,0.03381439492689412,0.1501716241350037
0xacd1919daa69947543af2fa26e735e214baf5fde2d6452d3e3d07b5df1b01b08,13639472,0,1,2,1.8131032256278967,0.9301219547471108,0.02244717117688075,0.8605340997039053
0xad12344226c77a471d9197508ba183ee5b943d79a82e9358184d8197119a0ead,13718413,0,1,2,0.02152854767891546,0.005640479491875782,0.012216171379303751,0.0036718968077359294
0xad5f9186c0b99cf9e6060bc2ef03590b15a901e766e1d735d8235bd83b08a8ad,13745634,0,1,2,0.01450625502027261,0.003060819809277476,0.008902834621064329,0.0025426005899308064
0xad79243465e6827da39ad236ea617044ac7c18559f57a004edd9287b7a3b3ddc,13681101,7,1,2,0.013901017962724341,0.001946142514781388,0.01013430449157148,0.0018205709563714739
0xadb9b3c9b943bfab80b29ef1e31cceaf680313faab12fccb49be2f74c3e45800,13625367,8,1,2,0.013423665227238191,0.002563920058402458,0.009778160683988273,0.0010815844848474608
0xaf3af0221fbe310a105e29dcf2b3854c94dc35ab74365856130ee397c781404f,13758795,11,1,1,0.015742752093023255,0.0016123,0.009446011160052755,0.004684440932970501
0xb06389f12b7a22fde4e8e0a662185c47a445d59bf7e014781ce730f26efdfc98,13715349,0,1,2,0.028606714829142687,0.001430335741457133,0.025803600603491985,0.0013727784841935688
0xb06f68a396519241acb0b48294b48f5c7feff92ac0d907a1066680b68310be73,13604308,0,1,1,0.060091522558139536,0.0070166,0.030539516914757047,0.02253540564338249
0xb08ce8e5545fe5e3f7c49ce93466ba171def9b75041da2cdd24e6303bd49395a,13643723,22,1,2,0.3119795024539719,0.15006214068036022,0.023252877177618817,0.13866448459599284
0xb1b82431f746858be42a246e1b31badfb615343a1fff561cec4f6d87a8550053,13763066,2,1,2,0.013006540650827077,0.003628824841580677,0.00601179112504692,0.003365924684199481
0xb1e2a1a4995ae76afbd39fe277cb37694449a465716c7f24af2ba3b6819698b5,13664555,0,1,2,0.22908929723534746,0.11019195197020189,0.017095500349925744,0.10180184491521983
0xb21cee7b1dda2d1c51f510fb8a65d710e65e1ec0bb9c6ac301293a66162eba0d,13751285,4,1,1,0.02817859558139535,0.0019859,0.021446944266877772,0.004745751314517578
0xb32610984a48fe39f99dd8244a8ad4a43b7e0444bfb1796181ceb4cab65c0f2d,13716009,5,1,1,0.13008248815390788,0.0168406,0.06384884473112888,0.04939304342277899
0xb3557cd56ad72acb96566665be014c2b80c32dfbc9bc02b77d9f75ad2a85375b,13648855,0,1,2,0.18470466748676162,0.07757596034443971,0.0352161099430398,0.07191259719928211
0xb38623ef2d2abc87af65202873704dcadd0939f3be16a5a17616a7b4ac25bbaa,13613538,9,1,2,0.009091056992346174,0.001581843916668204,0.007388470880752392,0.00012074219492557749
0xb596b1204dc649fdaa15831f9f1801fefccc113557ddc4aa162d266af840a8ea,13615728,0,1,2,0.24831167410063476,0.10950544827837978,0.037476709967791275,0.10132951585446372
0xb7d9d873fc9662227aedae27f8d6628927073d125fc154088ee781ec65a214b6,13731188,75,1,1,0.018938008139534883,0.0014438,0.0123480657836895,0.005146142355845384
0xb8592fc7ddd9fd2b61825c25ad5bb5cc4cb6ba0d7d660a9e868a60647d5c341f,13677791,6,1,2,0.01756019852419162,0.003863243675322108,0.010813483735055855,0.0028834711138136567
0xb8c1a1b7af7bbaaf4d71fabb87ff6703b860b5d3d5bf644704676d13cb2debe2,13698556,1,1,2,0.012784255379557482,0.00360516001703513,0.006929525803293216,0.002249569559229136
0xb9bc43428186439bdb91c0ae95ca6dbff8e01e8234d4b52c59e5c3fbf552139c,13614363,0,1,2,0.1248761290197401,0.053571859349468176,0.02183299925935075,0.04947127041092117
0xba2eb6b9f5fcad75e2cc0a050f8201eff3714308e750636d3f510490adb91973,13466913,0,1,2,0.024922479748150216,0.003588837083733596,0.01080517755468053,0.010528465109736089
0xba54c3c85b095947d6f5356fafda0953cbd598c60f49a86e639681f960cb5af3,13513391,0,1,2,0.17832739964276018,0.11198960697565412,0.06261720290128688,0.0037205897658191683
0xbaeca16eb36d2b75b0540ee0fbbe22a3916cda406e0d818f7baaf1b83b66236d,13466779,17,1,2,0.03411855839939127,0.006891948796676988,0.006584454227662482,0.020642155375051797
0xbc20127186cb7c4149c3689caa22abe0151aa6b96ba60caae66effc914c35a99,13671805,2,1,2,0.23546059065313152,0.10689910815652151,0.029657786317554526,0.09890369617905548
0xbcc4fa251946b701c1e3f759896f4121fc1755fa1e901e97c1476b168619a7a7,13751533,11,1,2,0.03431633118906198,0.007824123511106078,0.0255089020489787,0.000983305628977204
0xbd09ee6f525060703fa545c551b9130c64b46423179cf140288917c509e6b3f0,13664566,0,1,2,0.22821042934482855,0.10931279565617263,0.01780096568332425,0.10109666800533167
0xbdb7f6eaf8385ba554ee626ee369272b6fc8869ca54da5e92d3a6b876a18a302,13487498,0,1,2,0.1280240387113858,0.022020134658358326,0.01798874825077274,0.08801515580225472
0xbf4a6f50cdc3c351c532f7c3f4a95fe23d3c357d74f419d155a18a8d38a362c4,13664563,1,1,2,0.2284176802895201,0.10895523349810086,0.018868981351944078,0.10059346543947514
0xbf4d377cc4a6d79c0bb81eb4ea25d31787872f739cf085065fdf28e231267140,13698645,0,1,2,0.01776624993865288,0.004903484983068117,0.00978462953491944,0.003078135420665323
0xbf57f59bcfb0667b1d48c25cf793a4cd22b869c1a233cb6361b30f6f4bc928ae,13488016,5,1,2,0.11219668593812704,0.011219668593812742,0.055980581501558636,0.044996435842755665
0xc089605fe0b4f6867fba3adebc0ab15bc47fdf789e0264f0dbf53bc7bfcdac37,13605339,4,1,2,0.023100273131544172,0.0040425477980202,0.017459974676384857,0.001597750657139116
0xc089deec38b11a89730e5366743c53032085a43e943ba63aeaf5b5c77891dc42,13664562,0,1,2,0.22862521382875564,0.1085969765686587,0.019710412110460773,0.10031782514963616
0xc0d1a669f5f8edb3ea5ebd086880959eda19d6a99bfe6a1a474a62aeceb82f30,13585336,3,1,2,0.0180019527779732,0.004698509675050937,0.011000694320278871,0.002302748782643393
0xc162f0055d495b306133fa34cb440d0f70f187c69aedd22e35b209f6298444c1,13623467,0,1,1,1.220190660954785,0.390173,0.12841114119687064,0.7016065197579144
0xc194b2030c98189b3769143f9ff9188c5ee8be218bca7b513a5bfa3bbe614d3a,13467401,4,1,2,0.056887480187951034,0.01018285895364318,0.016829010462509442,0.02987561077179841
0xc20e0ba854a75106543287f4f8bd60a0d585a856110cc2d31c5390cee059edc0,13627609,9,1,2,0.5384464156870153,0.2277628338356073,0.10041424113505171,0.21026934071635633
0xc27e6bacb0bc5934cf0c8a5c832ec2ffa8ef601ab15aada9a24bb69166a7551e,13703817,7,1,2,0.01674202982261052,0.002059269668181079,0.012769040384988476,0.0019137197694409653
0xc36a9b178a06f0d23daade48f25a9d15617a935d6bea4e9810bad22cca7fd59d,13608886,2,1,2,0.47973830849909843,0.21588223882459395,0.06384025686698,0.20001581280752448
0xc499be9ba86a8a5fe51f557637c90653d01fa77a654e3827183cf2e2191f503c,13690967,0,1,2,0.13248081611760026,0.060278771333507515,0.01653863835316896,0.055663406430923795
0xc4f061e32c7c80949c471b7b4a1f8429e5a319234da18bb1d1ef67598e472115,13635226,0,1,2,0.6744148520394542,0.341928329984003,0.016293028932817807,0.3161934931226333
0xc5db4d33cd3d389fa8cef9061e845e37dc830133da0b4f2953b05aa4dba832d2,13498656,2,1,2,0.18565859731754059,0.04400108756425708,0.039393248726158,0.1022642610271255
0xc66736d512960de0e28560609e99d8f39283e6f414869ff91c37ce2861efd7dd,13568688,1,1,2,0.17307762118628434,0.07338491138298454,0.03174882758095846,0.06794388222234135
0xc6b3053b55bd69c2cf8fbd465b59cc41aa081c746b3fd7dd95298af982e214f8,13693726,1,1,2,0.07221307621918484,0.02614113359134464,0.021830177331869968,0.024241765295970233
0xc6dda0dc7d2eefce89c2146f1019ccdb334e6a76793494603718020abd780182,13687054,0,1,2,0.45346018838375896,0.2244627932499605,0.02168333028001689,0.20731406485378157
0xc84a83f9d089e17b34d14bd15918530cd81f5409f10a6a83ab5e348fd1b0f6b0,13615767,10,1,2,0.039181843712130536,0.002390092466439973,0.03141468756419581,0.005377063681494751
0xc8de28bedd1743606e2a6bf932cd9c08acad93971b34a0972bdd2a54e6cf91a3,13621919,1,1,2,0.027304776929430164,0.00442337386256766,0.02220298595820228,0.0006784171086602238
0xca34e21bdf7cba0289e424823eb2ba8879b37faaa9cb2ebf469f4c13d8c0a5c3,13705713,0,1,2,0.10451264525753484,0.02142509227779383,0.06337634262230225,0.019711210357438766
0xca624ccf6a456ca13f866ed45832b42fa4d2f7a3d3c2985cb6d9360f87d90cab,13480214,7,1,2,0.02383045123273689,0.002669010538066595,0.01050026196680775,0.010661178727862547
0xca74c6fc0e659e90cb5f0750808982104744c2a22b36668843d129dc90da5b6a,13622176,13,1,2,0.02449068346494015,0.00372258388667088,0.01979458058476613,0.0009735189935031405
0xccf99d50abc8093ccca790ce6492ca310178f7ec8e13cf86ad2b397a075033a0,13752866,2,1,1,0.49285788508168715,0.1506351,0.039242044938547306,0.3029807401431398
0xcd657b84f998957684560ea9a953b7602f163a178a9183af292716740371af92,13597666,2,1,2,0.021937781761308204,0.004475307479306832,0.015792603859438537,0.0016698704225628358
0xcdd8136e6cd2b924b681c5210db6965cd7f0dbe60d21973f78fc265bacaeb8aa,13605091,33,1,2,0.015178825378458216,0.003278626281746928,0.010743577865942565,0.0011566212307687236
0xcf538da4e1470abe82e2edc3f5c5183736014b44b47e0d153a0e2ba8956fa767,13631347,1,1,2,0.10058748907691793,0.012975786090922412,0.035922618905113494,0.051689084080882026
0xcffa1e2e518edab2f3806c2de325eef0949fbf1d4bd5925a00832806e80e8b1e,13610621,0,1,2,0.2258719236942676,0.09870603065439468,0.035869768355196494,0.09129612468467642
0xd03e0e09b93d01ef7722c506b7cfa12ce927e11520b855bd263782307b641006,13741828,7,1,2,0.015595872329268267,0.004164097911914556,0.009385529555981128,0.0020462448613725835
0xd27100587bb727c27241c093d8f8dbab351363f9f07131ca720071ce4026a0b1,13750787,0,1,1,0.21319746550560467,0.0677237,0.005614652890282528,0.13985911261532213
0xd326bd6c1ca490eb0b9e0242f58d30797531865488dcd7f1b43f06a10a0d5328,13498282,3,1,2,1.0513738770131225,0.2807168251625037,0.11318942333656495,0.6574676285140539
0xd3887506b99ec18aeb415c5be478dc1ddc22ddd9e03f4a4ffac0d5348f432da1,13726976,2,1,2,0.01238558870906296,0.002006465370868173,0.00852217213996296,0.0018569511982318293
0xd3b4f95d9e8d0bde399c6c151f89737493d159994908acb985e93d70485fdfb6,13715539,0,1,2,0.020105199585009143,0.002834833141486269,0.01464012303199758,0.002630243411525294
0xd4d07aa7a1dd84e781f03265b3d728f29d5de345cfc76a84283284e848a839a2,13664552,0,1,2,0.22929774822020482,0.1105215146421385,0.016317460610444732,0.1024587729676216
0xd545bfec7739277f87b039ea91ae91fbf791962ae0305d2de21cb20dd31341eb,13664561,0,1,2,0.22825833075638038,0.10956399876306235,0.017520593829287168,0.10117373816403087
0xd5c0a61705c6f15a2e27792cb32eb46e416bb6cef2575bbde745d283a130c59e,13685938,56,1,2,0.14998956996027313,0.06854523347184462,0.018002191803473476,0.06344214468495504
0xd65e126be083a3acf33ea8bd8797d0ce0b798fb09d08f581daab8fe47584dec7,13664313,0,1,2,0.15309136092936104,0.07271839644144627,0.0130635115571583,0.06730945293075646
0xd69fc60ddf3f787f8dfad063e1236edbc74ce04b9fcccf76d0ca560e60bddb22,13600350,3,1,2,0.012248584125246181,0.002253739479045264,0.00912682875636612,0.0008680158898347976
0xd762fd11d40595a7491afc8f2221012cf4d150ca77b3411c1e46ddeec4868115,13549060,0,1,2,0.10579541880848196,0.03861532786509579,0.03143451345673497,0.035745577486651206
0xd86438089d3dc937f8d75d487532f76c32454a264d6795b342bea7e0c7b3e96f,13758859,0,1,2,1.9018619811226034,0.9794589202781406,0.01825767996741295,0.90414538087705
0xd887a73527e047b1db64ef271fb97a67b61c7ef5578b3987509eb3bda9c83210,13593332,1,1,2,0.14237643815073275,0.06008285689960904,0.026648331681227388,0.05564524956989632
0xd89d5d628b98d45acd9519afcd3415da3bad0d30cd51e2a5effcf497b043fd03,13498022,2,1,2,0.3171995240262445,0.05709591432472419,0.03618484917895709,0.22391876052256326
0xd9c61dcb42d4c9b9acad4da5d1669aec22c80c890630fb2f86a2c74a5366b84e,13613582,3,1,2,0.011700352684818121,0.001415742674862978,0.008961322136045904,0.0013232878739092395
0xdbea882f435d0d82ff1633e6c318f75e75fa4b00940f3d32ba9b69348151d95c,13717830,41,1,2,0.014486082310299806,0.002998619038232017,0.00961234859477406,0.0018751146772937287
0xdc891a07aaafd721f6d49ed7e4f45e68fba90fb01b525b51001cf75cb2ab4c5f,13614078,33,1,2,0.013943173059522244,0.00341607739958289,0.009404976564035591,0.001122119095903762
0xdd68af80d15e32a32f0a34f56f9ca0ec7823c51bd9d19ea5e7460eda438ba409,13466145,2,1,2,0.05074103747038148,0.007306709395734944,0.022000083475446765,0.021434244599199768
0xdd83961ce376c3a015dfdc56cb4591ba8214d4e9ffeb6ed3ae520d12a67e57fc,13759046,5,1,2,0.011388304473777259,0.00296095916318202,0.005679542751923019,0.002747802558672221
0xde586a75e6349a2d8aa0a9025b65822a2615cdab3bba41a3bed29619512e4edd,13664559,2,1,2,0.2286732475355203,0.1109065250547271,0.015367513443789513,0.10239920903700367
0xdeaebb23a1931ca37432f01b03e5fa7497f9813a60bacf2a1a4939031c186897,13637345,3,1,2,0.3139497928384235,0.14567270387702833,0.03333246073092793,0.1349446282304672
0xdeebcefff1539c59bbf21deea731396cc7921f9392cddf133e9341c6f2e09b53,13729718,1,1,2,0.01565414878866319,0.003005596567423296,0.01015175127986718,0.0024968009413727146
0xdef2729a83b3839977d62227bcb3d28c51d09200397523333b53c7d536a679ca,13613517,2,1,2,0.010950849495306204,0.002255874996033036,0.00785415588385475,0.0008408186154184195
0xdff697d12c7ae6f6cc1e30835bbc83d5a599ba643d134fb5ec986961810a7064,13635070,3,1,2,0.012952630056366272,0.003523115375331552,0.00832306646992734,0.0011064482111073793
0xe373976534903d789f9a80b2433a425e979ed306d1617d8e56cfd17dfcebee9d,13616409,0,1,2,0.13867168163809723,0.049783133708076806,0.04293006253100795,0.04595848539901248
0xe37c5def8a80db69a518f8c0c02ac64a93d87ad702b1aac5c2ca3ab6bca0a4a4,13715182,3,1,2,0.014365911516541388,0.002686425453593204,0.01029362559436704,0.0013858604685811435
0xe409f29973b6668af4d02de81e9aecdcc04bb1dbce9f470a45536c034ca6dcf0,13669857,0,1,2,0.3047805943099414,0.14751380764601144,0.02100633665628135,0.13626045000764866
0xe4876154cff948a037d38e54da8ef4b33ad4a401412584dadce2a864ca5979d4,13736459,12,1,1,0.03410989511627907,0.0051141,0.01674254759500903,0.012253247521270036
0xe51c7abe148ee4adb949f48a933b0c57ef36c84e99089b5adfc459ddc074dd9d,13477618,0,1,2,0.04061998416225513,0.006296097545149515,0.00923638697427161,0.025087499642834004
0xe5557d41f97dfd5d2bf67cf8a1386d40b30d07cbfdd6753d1caaca6c5bab7c36,13736798,0,1,1,0.1816110050846983,0.0421449,0.04770740947444536,0.09175869561025293
0xe655b46cd2b3ceaba5fdb1ca423180bbd7bc674e3061e353391836177926cb40,13728054,2,1,2,0.018875380769091225,0.004246960673045475,0.012583339907459473,0.002045080188586278
0xe751cc76ae4cf7647730ed0abbad63494fa5f43f0df6c4b3cb235466f69dd2cd,13468170,11,1,2,0.024140407681052328,0.002341619545062096,0.019509709750067633,0.0022890783859225994
0xe7897c68a7192f08e592fb1c20d5b1e1367ed4dd749be87ca3ded870dca43371,13626612,0,1,2,0.060941241937334564,0.015905664145644243,0.030308440829494708,0.01472713696219561
0xe7af172c87d441e938371be103ad50600c72c47c38de0742889ea6e0408a9756,13735915,0,1,2,2.4763325939581207,1.2654059555125996,0.04010614318065509,1.170820495264866
0xe8271b9e06f827e6c467bea23f70614ec27b819fbc964d69f7d873b4e936aa20,13671960,2,1,2,0.024581225389089835,0.005899494093381504,0.01456726499071992,0.004114466304988414
0xe844d8144d5bae070d5ae609f0c898f7c100df623e953dc86fcdb05bb414b654,13683571,7,1,2,0.0106393194597692,0.002095945933574493,0.006832405086321209,0.0017109684398734972
0xe92b888b8766aa4e66fd674e3480c49e9631bbc9186ee919a51c8d57b9352e7f,13613526,1,1,2,0.013010576809734248,0.003226623048814032,0.009082211389547604,0.0007017423713726115
0xeb0547f49e64c50be9fbdb5a83bdac8bbd31a16bd22a61ebd8e5e96d48f7095d,13667938,10,1,2,0.015530578011887577,0.002748912308104069,0.010340909889520945,0.002440755814262563
0xebc6e38732847883c8712a2803f3c8f05b529d95216f34e7e6bebbad2feeaea9,13611437,0,1,2,0.25216280337531444,0.12078598281677537,0.019694553426125208,0.11168226713241385
0xecafc759ed152031bb685b20ce924aaccda32cffba9a60a5555e25f22be2835a,13725264,3,1,2,0.014237520636062016,0.003061066936753287,0.00886027870854648,0.002316174990762249
0xed660be8b41948fd16be275f529e239de10f8a9a6fe600a0a613c7695e99b809,13723762,0,1,2,0.01551185525930072,0.004963793682976128,0.01010255717337546,0.00044550440294913174
0xedf7b98426d6b24d75514138e4c0fe7e6b52a66ecca218287f0e0115ea54bc56,13591292,0,1,2,4.207412102679243,2.171024644982488,0.031175045915488073,2.005212411781266
0xef114fb559e5635979a3f1dcc8b95d1e3ec89d215e8acc161a2f133f819d4dc4,13640115,2,1,2,1.2794627095423805,0.6141421005803428,0.096004775619506,0.5693158333425316
0xef41b03108ac8144b2e4664e6156b5323a7c9d5a4b5549acd32eff73a52d74e5,13676761,1,1,2,0.01204933299029486,0.003132826577476596,0.0081516123274893,0.000764894085328963
0xef9faf45bda5247db7513f91244130f3e47a96acf6cd9b906d4ed389c425a630,13625352,4,1,2,0.015571908775332228,0.003534823292000364,0.009660964411664207,0.0023761210716676563
0xf0262fdcdf8045fbd68918a4418a0d3dd939d7f34215f0e47bf23788d1a5d75d,13751458,0,1,2,0.35638526013697286,0.1536020471190352,0.06033398701233478,0.1424492260056029
0xf27af15746fac75787a27c0d346648631038e642b00f420f35332e91777a3368,13660010,7,1,2,0.01723164621365903,0.003980510275355182,0.010389037730450613,0.002862098207853235
0xf352632ecd74398c54b07c20a1765778c9226fbeb4b76f1b4f6b2b07130f604a,13718090,2,1,2,0.015412729011787966,0.002573925744968562,0.01045113569457426,0.002387667572245145
0xf3f2af995f74f98202dedafcb66296e86115fcad0e007bfd43141f1cc4978afe,13527642,0,1,2,0.34536991983385346,0.1226063215410179,0.04724822501268513,0.1755153732801504
0xf53280330caffe24f4f56d9d56cd768f837227499d9b704fc10e756bc3d7f3d8,13697982,6,1,2,0.01241767132713496,0.001961992069687298,0.00863984178468372,0.0018158374727639415
0xf5cf75159f184d6781256b7a606fda8979f86490faca6db42ec37129664f2807,13567522,0,1,2,0.04000000000000045,0.01816,0.02063391017490844,0.0012060898250920125
0xf610f40cadd22adc62c7fd4144e60bb9d7d73d281a3e3fc6f9cfc1b1101b6335,13741608,12,1,2,0.014788019308431839,0.003549124634023584,0.007957983668410206,0.0032809110059980485
0xf7bb9de8f0ac26c02fd7175b2831c9e1c94732353911183ba1690354a189b8d3,13760622,1,1,2,0.18541415784589127,0.08566134092480153,0.020365157158075197,0.07938765976301453
0xf9f9cc50c6f7d021dc9f9b88b2350fdbc4129b5fe72b0d475534b425204b8b21,13692915,1,1,1,0.15976846976744186,0.0434894,0.02630758484935021,0.08997148491809165
0xfa2ad3fdfbeb82ddabe2182cab0e9b548719206e6fa5c8cdfcddc0c343a12c40,13609583,0,1,2,0.23515582626882647,0.10793652425739085,0.02730287502075077,0.09991642699068484
0xfb44bf714b263bbff134017c63bf52008f73ab9a8fa81e4b99d5ae83f3aabe1d,13687405,2,1,2,0.8619291506923951,0.30253713189303044,0.2785860256986614,0.2808059931007032
0xfb912334969c85edf27fc7e75daafc1259c211e5b3260ee248a9d4c6d6778277,13738059,2,1,1,3.821010387209302,1.1474166,0.5359730456815519,2.1376207415277504
0xfb999781d23708b24c2e35c832e938d6015d500675db8063c53c2adc3f92c8af,13488040,0,1,2,0.1384841316932865,0.01869535777859366,0.045140851572395876,0.07464792234229696
0xfe6adcc1c3dbf9510d55530df3a26af52173e79981330e43586c0d901109344c,13683656,1,1,2,2.443850267398636,1.2536951871754998,0.032631916574493436,1.157523163648643
