hash,block_number,index,status,pnl_heuristic,gross_profit,miner_tip,tx_cost,pnl,calldata
0x043f30f13077d41a911d5c04d8a5f15cd6c733b25152c17c62c7361917fcadee,13663560,164,1,2,0.9917541796131242,0.0,0.014983968867444696,0.9767702107456795,0x04236cf57a250d5630b4cf539739df2c5dacb4c659f2488d00000104791ac94700000000000000000000000000000000000000000000005f76c8c9d276e400000000000000000000000000000000000000000000000000000d2c4a48b1d7cd4600000000000000000000000000000000000000000000000000000000000000a000000000000000000000000031b7e144b2cf261a015004bee9c84a98263e2f6600000000000000000000000000000000000000000000000000000000619b62090000000000000000000000000000000000000000000000000000000000000002000000000000000000000000298d492e8c1d909d3f63bc4a36c66c64acb3d695000000000000000000000000c02aaa39b223fe8d0a0e5c4f27ead9083c756cc2
0x0568e1a9304295aac1c36fa1a9aaa09820fa73ce18c47c4cdd72999fb3519b0d,13720879,39,0,2,-62.78763459,0.0,0.0120169631522142,-62.799651553152216,0x04236cf5c02aaa39b223fe8d0a0e5c4f27ead9083c756cc280000004000000000000000000000000000000000000000000000003675a7cff17fac000d0e30db0bb2b8038a1640196fbe3e38816f3e67cba72d940000000040902f1ac99ac8ca7087fa4a2a1fb6357269965a2014abc35000000043850c7bd397ff1542f962076d0bfe58ea045ffa2d347aca0000000040902f1acbb2b8038a1640196fbe3e38816f3e67cba72d940000000040902f1acc02aaa39b223fe8d0a0e5c4f27ead9083c756cc20000006423b872dd00000000000000000000000031b7e144b2cf261a015004bee9c84a98263e2f66000000000000000000000000bb2b8038a1640196fbe3e38816f3e67cba72d940000000000000000000000000000000000000000000000003675a7cff17fac000bb2b8038a1640196fbe3e38816f3e67cba72d94000000084022c0d9f000000000000000000000000000000000000000000000000000000001e921dec000000000000000000000000000000000000000000000000000000000000000000000000000000000000000031b7e144b2cf261a015004bee9c84a98263e2f66000000000000000000000000000000000000000000000000000000000000002099ac8ca7087fa4a2a1fb6357269965a2014abc3500000124128acb08000bb8000000000000000000397ff1542f962076d0bfe58ea045ffa2d347aca00000000000000000000000000000000000000000000000000000000000000001000000000000000000000000000000000000000000000000000000001e921dec00000000000000000000000000000000000000000000000000000001000276a400000000000000000000000000000000000000000000000000000000000000a000000000000000000000000000000000000000000000000000000000000000602260fac5e5542a773aa44fbcfedf7c193bc2c59900000044a9059cbb00000000000000000000000099ac8ca7087fa4a2a1fb6357269965a2014abc35000000000000000000000000000000000000000000000000000000001e921dec0000005c397ff1542f962076d0bfe58ea045ffa2d347aca0000000040902f1ac397ff1542f962076d0bfe58ea045ffa2d347aca000000084022c0d9f00000000000000000000000000000000000000000000000000000000000000000000000000000000000000000000000000000000000000036cd0b9a6b376fa0f00000000000000000000000031b7e144b2cf261a015004bee9c84a98263e2f660000000000000000000000000000000000000000000000000000000000000000c02aaa39b223fe8d0a0e5c4f27ead9083c756cc2000000242e1a7d4d0000000000000000000000000000000000000000000000036cd0b9a6b376fa0f
0x129dd75baf175e43104a436cb19d779a2f78e969a9ea0200ca7e796168af4c6e,13663495,46,1,2,0.5790036287355694,0.0,0.01536730800029724,0.5636363207352721,0x04236cf57a250d5630b4cf539739df2c5dacb4c659f2488d00000104791ac947000000000000000000000000000000000000000000000037802bba1230ac2e08000000000000000000000000000000000000000000000000078c1c79a63a2fbe00000000000000000000000000000000000000000000000000000000000000a000000000000000000000000031b7e144b2cf261a015004bee9c84a98263e2f6600000000000000000000000000000000000000000000000000000000619b5f570000000000000000000000000000000000000000000000000000000000000002000000000000000000000000298d492e8c1d909d3f63bc4a36c66c64acb3d695000000000000000000000000c02aaa39b223fe8d0a0e5c4f27ead9083c756cc2
0x16ad8efab9a6b5a62d653b7785fe3a8c7fc2a7565d3109bd8503450db3223e28,13462469,335,1,2,10.0,0.0,0.001868639889982415,9.998131360110017,0x
0x1d03a927b9ec0c4222d16b4efd3e5616cc2fa04db0c49ce0a471c7c3a60ee95c,13492004,147,0,2,-51.55417479,0.0,0.0083705818536816,-51.56254537185368,0x04236cf5c02aaa39b223fe8d0a0e5c4f27ead9083c756cc280000004000000000000000000000000000000000000000000000002cb7538d366594000d0e30db0a478c2975ab1ea89e8196811f51a7b7ade33eb11000000040902f1ac60594a405d53811d3bc4766596efd80fd545a270000000043850c7bda478c2975ab1ea89e8196811f51a7b7ade33eb11000000040902f1acc02aaa39b223fe8d0a0e5c4f27ead9083c756cc20000006423b872dd00000000000000000000000031b7e144b2cf261a015004bee9c84a98263e2f66000000000000000000000000a478c2975ab1ea89e8196811f51a7b7ade33eb11000000000000000000000000000000000000000000000002cb7538d366594000a478c2975ab1ea89e8196811f51a7b7ade33eb1100000084022c0d9f000000000000000000000000000000000000000000002e666c8c454547b07df0000000000000000000000000000000000000000000000000000000000000000000000000000000000000000031b7e144b2cf261a015004bee9c84a98263e2f6600000000000000000000000000000000000000000000000000000000000000206b175474e89094c44da98b954eedeac495271d0f0000002470a0823100000000000000000000000031b7e144b2cf261a015004bee9c84a98263e2f6660594a405d53811d3bc4766596efd80fd545a27000000124128acb0800000000000000000000000031b7e144b2cf261a015004bee9c84a98263e2f660000000000000000000000000000000000000000000000000000000000000001000000000000000000000000000000000000000000002e666c8c454547b07df000000000000000000000000000000000000000000000000000000001000276a400000000000000000000000000000000000000000000000000000000000000a000000000000000000000000000000000000000000000000000000000000000606b175474e89094c44da98b954eedeac495271d0f00000044a9059cbb00000000000000000000000060594a405d53811d3bc4766596efd80fd545a270000000000000000000000000000000000000000000002e666c8c454547b07df00000005cc02aaa39b223fe8d0a0e5c4f27ead9083c756cc2000000242e1a7d4d000000000000000000000000000000000000000000000002cf925f87853d4902
0x24d492975218af87ad4286a38e710dc79114f13eaa970bd1677d27278ee3096c,13626910,90,1,2,-25.0,0.0,0.007170032165762433,-25.007170032165764,0x205c2878000000000000000000000000e2d1f885f3972e6eb7aed9cec3a03c9b166b2b440000000000000000000000000000000000000000000000015af1d78b58c40000
0x2c6b3f88f877a916d3dd4c8004b63b883b6ab53441f49dce327971d158d09ca9,13752865,56,0,2,0.0,0.0,0.04559991046240682,-0.04559991046240682,0x04236cf5ed5f8192e28da677b823679aba71f97628f211e000000084f389e16100000000000000000000000088e6a0c2ddd26feeb64f039a2c41296fcb3f5640000000000000000000000000000000000000000000000000000003a352944000000000000000000000000000000000000000000000000000000000000000000100000000000000000000000000000000000000000000000000000000000f4240b783c0e21763bef9f2d04e6499abfbe23adb7e1f00000004edaafe20b783c0e21763bef9f2d04e6499abfbe23adb7e1f000000043be8261bed5f8192e28da677b823679aba71f97628f211e000000084f389e1610000000000000000000000008c54aa2a32a779e6f6fbea568ad85a19e0109c260000000000000000000000000000000000000000000350619bb1b7acbd454b4800000000000000000000000000000000000000000000000000000000000000010000000000000000000000000000000000000000000000000de0b6b3a764000088e6a0c2ddd26feeb64f039a2c41296fcb3f564000000324128acb0800000000000000000000000031b7e144b2cf261a015004bee9c84a98263e2f660000000000000000000000000000000000000000000000000000000000000001000000000000000000000000000000000000000000000000000001cde30ad96400000000000000000000000000000000000000000000000000000001000276a400000000000000000000000000000000000000000000000000000000000000a00000000000000000000000000000000000000000000000000000000000000260c02aaa39b223fe8d0a0e5c4f27ead9083c756cc2000000242e1a7d4d00000000000000000000000000000000000000000000001ab947ef60c94e2976b783c0e21763bef9f2d04e6499abfbe23adb7e1f8000004400000000000000000000000000000000000000000000001ab947ef60c94e29768de9322200000000000000000000000031b7e144b2cf261a015004bee9c84a98263e2f6600000000000000000000000000000000000000000000001ab947ef60c94e29768c54aa2a32a779e6f6fbea568ad85a19e0109c2600000124128acb0800000000000000000000000031b7e144b2cf261a015004bee9c84a98263e2f66000000000000000000000000000000000000000000000000000000000000000100000000000000000000000000000000000000000001a5489ae237b01c03d1b900000000000000000000000000000000000000000000000000000001000276a400000000000000000000000000000000000000000000000000000000000000a00000000000000000000000000000000000000000000000000000000000000060956f47f50a910163d8bf957cf5846d573e7f87ca00000044a9059cbb0000000000000000000000008c54aa2a32a779e6f6fbea568ad85a19e0109c2600000000000000000000000000000000000000000001a5489ae237b01c03d1b90000005ca0b86991c6218b36c1d19d4a2e9eb0ce3606eb4800000044a9059cbb00000000000000000000000088e6a0c2ddd26feeb64f039a2c41296fcb3f5640000000000000000000000000000000000000000000000000000001cde30ad96400000000000000000000000000000250a0b86991c6218b36c1d19d4a2e9eb0ce3606eb4800000044a9059cbb0000000000000000000000000a04e8b4d2014cd2d07a9eaf946945bed1262a99000000000000000000000000000000000000000000000000000000009c15fd3d
0x2ff478537090c3af5ec815f565872774a9b0e3cf591f2e27e2743e54ccd416b8,13742819,6,1,2,3.663494926874691,0.0,0.1259593331524832,3.5375355937222075,0x04236cf51f573d6fb3f13d689ff844b4ce37794d79a7ff1c00000044095ea7b30000000000000000000000002f9ec37d6ccfff1cab21733bdadede11c823ccb0ffffffffffffffffffffffffffffffffffffffffffffffffffffffffffffffffc02aaa39b223fe8d0a0e5c4f27ead9083c756cc28000000400000000000000000000000000000000000000000000000182421c1a1371d6c6d0e30db0c02aaa39b223fe8d0a0e5c4f27ead9083c756cc2000000242e1a7d4d00000000000000000000000000000000000000000000000182421c1a1371d6c62f9ec37d6ccfff1cab21733bdadede11c823ccb08000014400000000000000000000000000000000000000000000000182421c1a1371d6c6b77d239b00000000000000000000000000000000000000000000000000000000000000c000000000000000000000000000000000000000000000000182421c1a1371d6c600000000000000000000000000000000000000000000000000000000000000010000000000000000000000000000000000000000000000000000000000000000000000000000000000000000000000000000000000000000000000000000000000000000000000000000000000000000000000000000000000000000000000000000000000000000000000000000000000000000000000000000000000000003000000000000000000000000eeeeeeeeeeeeeeeeeeeeeeeeeeeeeeeeeeeeeeee000000000000000000000000b1cd6e4153b2a390cf00a6556b0fc1458c4a55330000000000000000000000001f573d6fb3f13d689ff844b4ce37794d79a7ff1c2f9ec37d6ccfff1cab21733bdadede11c823ccb000000144b77d239b00000000000000000000000000000000000000000000000000000000000000c00000000000000000000000000000000000000000000006e56c95bf9ab61966c8000000000000000000000000000000000000000000000000000000000000000100000000000000000000000031b7e144b2cf261a015004bee9c84a98263e2f660000000000000000000000000000000000000000000000000000000000000000000000000000000000000000000000000000000000000000000000000000000000000000000000000000000000000000000000000000000000000000000000030000000000000000000000001f573d6fb3f13d689ff844b4ce37794d79a7ff1c000000000000000000000000e9fc4d92ce7eab68740871f4e4d0ac65a8f8f82c0000000000000000000000006c6ee5e31d828de241282b9606c8e98ea48526e2f7849d0852fc588210b9c0d8b26f43c0c9bc147000000124128acb0800000000000000000000000031b7e144b2cf261a015004bee9c84a98263e2f6600000000000000000000000000000000000000000000000000000000000000010000000000000000000000000000000000000000000bfa9a1bebc5d88cf87c4000000000000000000000000000000000000000000000000000000001000276a400000000000000000000000000000000000000000000000000000000000000a000000000000000000000000000000000000000000000000000000000000000606c6ee5e31d828de241282b9606c8e98ea48526e200000044a9059cbb000000000000000000000000f7849d0852fc588210b9c0d8b26f43c0c9bc14700000000000000000000000000000000000000000000bfa9a1bebc5d88cf87c400000005cc02aaa39b223fe8d0a0e5c4f27ead9083c756cc2000000242e1a7d4d000000000000000000000000000000000000000000000001b5197553ec41898e
0x323c3f9a6fc2e41a1bffceb2d22622fc68dcd3f0503195fee1ab4145ff59c82f,13751638,25,0,2,-2.22997053,0.0,0.015867903222728907,-2.245838433222729,0x04236cf5c02aaa39b223fe8d0a0e5c4f27ead9083c756cc2800000040000000000000000000000000000000000000000000000001ef27261d43d5400d0e30db06c063a6e8cd45869b5eb75291e65a3de298f3aa8000000043850c7bdfb3cd0b8a5371fe93ef92e3988d30df7931e2820000000040902f1ac6c063a6e8cd45869b5eb75291e65a3de298f3aa800000144128acb08000bb8000000000000000000fb3cd0b8a5371fe93ef92e3988d30df7931e282000000000000000000000000000000000000000000000000000000000000000010000000000000000000000000000000000000000000000001ef27261d43d540000000000000000000000000000000000000000000000000000000001000276a400000000000000000000000000000000000000000000000000000000000000a00000000000000000000000000000000000000000000000000000000000000080c02aaa39b223fe8d0a0e5c4f27ead9083c756cc20000006423b872dd00000000000000000000000031b7e144b2cf261a015004bee9c84a98263e2f660000000000000000000000006c063a6e8cd45869b5eb75291e65a3de298f3aa80000000000000000000000000000000000000000000000001ef27261d43d54000000007cfb3cd0b8a5371fe93ef92e3988d30df7931e2820000000040902f1acfb3cd0b8a5371fe93ef92e3988d30df7931e282000000084022c0d9f00000000000000000000000000000000000000000000000021dbf9d89afd284b000000000000000000000000000000000000000000000000000000000000000000000000000000000000000031b7e144b2cf261a015004bee9c84a98263e2f660000000000000000000000000000000000000000000000000000000000000020c02aaa39b223fe8d0a0e5c4f27ead9083c756cc2000000242e1a7d4d00000000000000000000000000000000000000000000000021dbf9d89afd284b
0x34e568e3de96f572b65c3e7f1117ac0087eb553305aa07e7722bbabf01a29a7f,13688172,136,0,2,-0.21116639454057395,0.0,0.016476538705755748,-0.2276429332463297,0x04236cf5c02aaa39b223fe8d0a0e5c4f27ead9083c756cc28000000400000000000000000000000000000000000000000000000002ee36b78f174501d0e30db0c02aaa39b223fe8d0a0e5c4f27ead9083c756cc200000044a9059cbb000000000000000000000000dca79f1f78b866988081de8a06f92b5e5d31685700000000000000000000000000000000000000000000000002ee36b78f174501dca79f1f78b866988081de8a06f92b5e5d316857000000a4022c0d9f00000000000000000000000000000000000000000000000001f085d5317d5e500000000000000000000000000000000000000000000000000000000000000000000000000000000000000000d97bf7a5d2357f8fa460ba7c5571c6db08e2502800000000000000000000000000000000000000000000000000000000000000800000000000000000000000000000000000000000000000000000000000000000d97bf7a5d2357f8fa460ba7c5571c6db08e25028000000a4022c0d9f0000000000000000000000000000000000000000000000000000000000000000000000000000000000000000000000000000000000000000095df175e7ec9ef2000000000000000000000000c2c1b1dcb36bfc526151613e487fa2a2bac8def700000000000000000000000000000000000000000000000000000000000000800000000000000000000000000000000000000000000000000000000000000000c2c1b1dcb36bfc526151613e487fa2a2bac8def7000000a4022c0d9f00000000000000000000000000000000000000000000000000000000000000000000000000000000000000000000000000000000000000000c028bacdcdf8b2d00000000000000000000000031b7e144b2cf261a015004bee9c84a98263e2f6600000000000000000000000000000000000000000000000000000000000000800000000000000000000000000000000000000000000000000000000000000000c02aaa39b223fe8d0a0e5c4f27ead9083c756cc2000000242e1a7d4d0000000000000000000000000000000000000000000000000c028bacdcdf8b2d
0x37c00205632619faa9bb8cbcfa03ccb914579e79e7679c2dbe93bd272f7ffc1c,13512084,27,0,2,-11.507036164365276,0.0,0.02234338195927239,-11.529379546324549,0x04236cf5c02aaa39b223fe8d0a0e5c4f27ead9083c756cc2800000040000000000000000000000000000000000000000000000009fb1346cb290d6f9d0e30db0c02aaa39b223fe8d0a0e5c4f27ead9083c756cc200000044a9059cbb00000000000000000000000043ae24960e5534731fc831386c07755a2dc33d470000000000000000000000000000000000000000000000009fb1346cb290d6f943ae24960e5534731fc831386c07755a2dc33d47000000a4022c0d9f00000000000000000000000000000000000000000000011bde304cab435cbf2e0000000000000000000000000000000000000000000000000000000000000000000000000000000000000000a1d7b2d891e3a1f9ef4bbc5be20630c2feb1c47000000000000000000000000000000000000000000000000000000000000000800000000000000000000000000000000000000000000000000000000000000000a1d7b2d891e3a1f9ef4bbc5be20630c2feb1c470000000a4022c0d9f0000000000000000000000000000000000000000000000000000000000000000000000000000000000000000000000000000000000000000a6da390afad1d01600000000000000000000000031b7e144b2cf261a015004bee9c84a98263e2f6600000000000000000000000000000000000000000000000000000000000000800000000000000000000000000000000000000000000000000000000000000000c02aaa39b223fe8d0a0e5c4f27ead9083c756cc2000000242e1a7d4d000000000000000000000000000000000000000000000000a6da390afad1d016
0x3a173b1aeb74234240112e8824b11215f739a81d22f92bf3bd3c80ccf131f4f3,13653476,41,1,2,0.9340458753566168,0.0,0.05124060527057712,0.8828052700860396,0x04236cf5ed5f8192e28da677b823679aba71f97628f211e000000084f389e16100000000000000000000000060594a405d53811d3bc4766596efd80fd545a27000000000000000000000000000000000000000000000005150ae84a8cdf0000000000000000000000000000000000000000000000000000000000000000000000000000000000000000000000000000000000000000000000de0b6b3a7640000ed5f8192e28da677b823679aba71f97628f211e000000084f389e161000000000000000000000000bb2e5c2ff298fd96e166f90c8abacaf714df14f80000000000000000000000000000000000000000000553d39257d0364653ccc900000000000000000000000000000000000000000000000000000000000000010000000000000000000000000000000000000000000000000de0b6b3a764000060594a405d53811d3bc4766596efd80fd545a270000002e4128acb0800000000000000000000000031b7e144b2cf261a015004bee9c84a98263e2f660000000000000000000000000000000000000000000000000000000000000000000000000000000000000000000000000000000000000012fea590fd081b1000000000000000000000000000fffd8963efd1fc6a506488495d951d5263988d2500000000000000000000000000000000000000000000000000000000000000a00000000000000000000000000000000000000000000000000000000000000220bb2e5c2ff298fd96e166f90c8abacaf714df14f800000124128acb0800000000000000000000000031b7e144b2cf261a015004bee9c84a98263e2f66000000000000000000000000000000000000000000000000000000000000000100000000000000000000000000000000000000000001417afbdd256816bf576d00000000000000000000000000000000000000000000000000000001000276a400000000000000000000000000000000000000000000000000000000000000a000000000000000000000000000000000000000000000000000000000000000606b175474e89094c44da98b954eedeac495271d0f00000044a9059cbb000000000000000000000000bb2e5c2ff298fd96e166f90c8abacaf714df14f800000000000000000000000000000000000000000001417afbdd256816bf576d0000005c17305f0e18318994a57b494078cac866a857f7b600000024b7e931210000000000000000000000000000000000000000000141981fdd5088f10790b2c02aaa39b223fe8d0a0e5c4f27ead9083c756cc2800000040000000000000000000000000000000000000000000000130b9bf6c364a781cbd0e30db0c02aaa39b223fe8d0a0e5c4f27ead9083c756cc200000044a9059cbb00000000000000000000000060594a405d53811d3bc4766596efd80fd545a270000000000000000000000000000000000000000000000012fea590fd081b100000000000000000000000000000000210c02aaa39b223fe8d0a0e5c4f27ead9083c756cc2000000242e1a7d4d0000000000000000000000000000000000000000000000000cf665c65c8c71cb
0x44663a83bae2dd69089e68f2ddb9639bf3fa19ce9a94886276d6255177ffd221,13597733,17,0,2,-8.8,0.0,0.039518585028676806,-8.839518585028678,0x04236cf5c581b735a1688071a1746c968e0798d642ede49100000044095ea7b30000000000000000000000005d0f47b32fdd343bfa74ce221808e2abe4a53827ffffffffffffffffffffffffffffffffffffffffffffffffffffffffffffffffc02aaa39b223fe8d0a0e5c4f27ead9083c756cc2800000040000000000000000000000000000000000000000000000007a1fe16027700000d0e30db04bec87cb126de6c1f8b410e32d1f4ae472fdd83b00000124128acb0800000000000000000000000031b7e144b2cf261a015004bee9c84a98263e2f6600000000000000000000000000000000000000000000000000000000000000010000000000000000000000000000000000000000000000007a1fe1602770000000000000000000000000000000000000000000000000000000000001000276a400000000000000000000000000000000000000000000000000000000000000a00000000000000000000000000000000000000000000000000000000000000060c02aaa39b223fe8d0a0e5c4f27ead9083c756cc200000044a9059cbb0000000000000000000000004bec87cb126de6c1f8b410e32d1f4ae472fdd83b0000000000000000000000000000000000000000000000007a1fe160277000000000005c5d0f47b32fdd343bfa74ce221808e2abe4a538270000008465b2489b00000000000000000000000000000000000000000000000000000000000000000000000000000000000000000000000000000000000000000000000000000003000000000000000000000000000000000000000000000000000000086afac6da000000000000000000000000000000000000000000000000000000000000000011b815efb8f581194ae79006d24e0d814b7697f600000124128acb0800000000000000000000000031b7e144b2cf261a015004bee9c84a98263e2f6600000000000000000000000000000000000000000000000000000000000000000000000000000000000000000000000000000000000000000000000bd36a93b2000000000000000000000000fffd8963efd1fc6a506488495d951d5263988d2500000000000000000000000000000000000000000000000000000000000000a00000000000000000000000000000000000000000000000000000000000000060dac17f958d2ee523a2206206994597c13d831ec700000044a9059cbb00000000000000000000000011b815efb8f581194ae79006d24e0d814b7697f60000000000000000000000000000000000000000000000000000000bd36a93b20000005cc02aaa39b223fe8d0a0e5c4f27ead9083c756cc2000000242e1a7d4d000000000000000000000000000000000000000000000000949832578b03d98d
0x4561bc051e21e6de5c1048da3e850d6e7e13547d40a61916039590b05d27f2ae,13742395,17,0,2,-0.81794549,0.0,0.01304788299278926,-0.8309933729927893,0x04236cf5c86d054809623432210c107af2e3f619dcfbf65200000044095ea7b300000000000000000000000095e6f48254609a6ee006f7d493c8e5fb97094ceffffffffffffffffffffffffffffffffffffffffffffffffffffffffffffffffffd7e2f93cfa76f6a6ecf740ba280a94468b103ec000000040902f1acfd7e2f93cfa76f6a6ecf740ba280a94468b103ec000000040902f1acc02aaa39b223fe8d0a0e5c4f27ead9083c756cc2800000040000000000000000000000000000000000000000000000000b59ed16e9153400d0e30db0c02aaa39b223fe8d0a0e5c4f27ead9083c756cc200000044a9059cbb000000000000000000000000fd7e2f93cfa76f6a6ecf740ba280a94468b103ec0000000000000000000000000000000000000000000000000b59ed16e9153400fd7e2f93cfa76f6a6ecf740ba280a94468b103ec00000084022c0d9f000000000000000000000000000000000000000000000000000000000000000000000000000000000000000000000000000000000000084b9f79a06fcbcd04dc00000000000000000000000031b7e144b2cf261a015004bee9c84a98263e2f66000000000000000000000000000000000000000000000000000000000000000061935cbdd02287b511119ddb11aeb42f1593b7ef000003649b44d556000000000000000000000000000000000000000000000000000000000000006000000000000000000000000000000000000000000000084b9f79a06fcbcd04db00000000000000000000000000000000000000000000000000000000000002e0000000000000000000000000bbb6ef032838fbd280849e7f5f6df326860e6f6b000000000000000000000000000000000000000000000000000000000000000000000000000000000000000086003b044f70dac0abc80ac8957305b6370893ed00000000000000000000000000000000000000000000000000000000000000000000000000000000000000000000000000000000000000000000000ba43b7400000000000000000000000000000000000000000000004ba0c0c9b47efb94c000000000000000000000000000000000000000000000000000000000000000000000000000000000000000000000000000000000000000000000000000000000000000000000000000000000000000000000000000000000000000000061b5118860f7ba76deeb110b806ada36c05707b56d8aded9641c8188a5641bc2ffc90a0e00000000000000000000000000000000000000000000000000000000000001c00000000000000000000000000000000000000000000000000000000000000220000000000000000000000000000000000000000000000000000000000000002000000000000000000000000000000000000000000000000000000000000000200000000000000000000000000000000000000000000000000000000000000024f47261b0000000000000000000000000a0b86991c6218b36c1d19d4a2e9eb0ce3606eb48000000000000000000000000000000000000000000000000000000000000000000000000000000000000000000000000000000000000000000000024f47261b0000000000000000000000000c86d054809623432210c107af2e3f619dcfbf6520000000000000000000000000000000000000000000000000000000000000000000000000000000000000000000000000000000000000000000000421b46137bd60afb07f92831016db96a5edcb9b87a4eb0cdca5b874bec4ac8958c5332bbd7ff7b75e9c10463263b8d0d540d6238849a35be4583f779e6fc04a418c20200000000000000000000000000000000000000000000000000000000000097dec872013f6b5fb443861090ad9315428781260000006495e3c50b0000000000000000000000000000000000000000000000000000000146e48a7500000000000000000000000000000000000000000000000000000000000000010000000000000000000000000000000000000000000000000000000061abec8e
0x49f3e7ec5bd99e98f586b4b8af865ced12e59ab1694bf44741606fdbd61b455e,13619023,3,0,2,-20.0,0.0,0.01143996287823672,-20.011439962878235,0x04236cf5def171fe48cf0115b1d80b88dc8eab59176fee5780000344000000000000000000000000000000000000000000000001158e460913d0000054e3f31b0000000000000000000000000000000000000000000000000000000000000020000000000000000000000000eeeeeeeeeeeeeeeeeeeeeeeeeeeeeeeeeeeeeeee000000000000000000000000c02aaa39b223fe8d0a0e5c4f27ead9083c756cc2000000000000000000000000000000000000000000000001158e460913d00000000000000000000000000000000000000000000000000001142b0090b6460000000000000000000000000000000000000000000000000001158e460913d0000000000000000000000000000000000000000000000000000000000000000001e00000000000000000000000000000000000000000000000000000000000000220000000000000000000000000000000000000000000000000000000000000026000000000000000000000000000000000000000000000000000000000000002c0000000000000000000000000000000000000000000000000000000000000000000000000000000000000000000000000000000000000000000000000000000000000000000000000000000000000000000000000000000000000000000000000000000000000000000000000000000000000000000000000000000000000030000000000000000000000000000000000000000000000000000000000619237ad4d5633f045cd11ec974125823095df1c000000000000000000000000000000000000000000000000000000000000000000000000000000000000000000000001000000000000000000000000c02aaa39b223fe8d0a0e5c4f27ead9083c756cc20000000000000000000000000000000000000000000000000000000000000004d0e30db0000000000000000000000000000000000000000000000000000000000000000000000000000000000000000000000000000000000000000000000002000000000000000000000000000000000000000000000000000000000000000000000000000000000000000000000000000000000000000000000000000000040000000000000000000000000000000000000000000000000000000000000001000000000000000000000000000000000000000000000001158e460913d000000000000000000000000000000000000000000000000000000000000000000000c02aaa39b223fe8d0a0e5c4f27ead9083c756cc2000000242e1a7d4d00000000000000000000000000000000000000000000000115ec0d0921502bd7
0x4c5fb590a61d0412852d49b20430786c1fc6a088924ffaa7c77c95bc89b67e44,13764340,242,0,2,0.0,0.0,0.03812853577712741,-0.03812853577712741,0x04236cf5ed5f8192e28da677b823679aba71f97628f211e000000084f389e16100000000000000000000000088e6a0c2ddd26feeb64f039a2c41296fcb3f5640000000000000000000000000000000000000000000000000000003a352944000000000000000000000000000000000000000000000000000000000000000000100000000000000000000000000000000000000000000000000000000000f4240b783c0e21763bef9f2d04e6499abfbe23adb7e1f00000004edaafe20b783c0e21763bef9f2d04e6499abfbe23adb7e1f000000043be8261bed5f8192e28da677b823679aba71f97628f211e000000084f389e1610000000000000000000000008c54aa2a32a779e6f6fbea568ad85a19e0109c26000000000000000000000000000000000000000000034fa64c9c0b50dacf00c800000000000000000000000000000000000000000000000000000000000000010000000000000000000000000000000000000000000000000de0b6b3a764000088e6a0c2ddd26feeb64f039a2c41296fcb3f564000000324128acb0800000000000000000000000031b7e144b2cf261a015004bee9c84a98263e2f66000000000000000000000000000000000000000000000000000000000000000100000000000000000000000000000000000000000000000000000202e33f860200000000000000000000000000000000000000000000000000000001000276a400000000000000000000000000000000000000000000000000000000000000a00000000000000000000000000000000000000000000000000000000000000260c02aaa39b223fe8d0a0e5c4f27ead9083c756cc2000000242e1a7d4d00000000000000000000000000000000000000000000001bcd2a917a94397ff9b783c0e21763bef9f2d04e6499abfbe23adb7e1f8000004400000000000000000000000000000000000000000000001bcd2a917a94397ff98de9322200000000000000000000000031b7e144b2cf261a015004bee9c84a98263e2f6600000000000000000000000000000000000000000000001bcd2a917a94397ff98c54aa2a32a779e6f6fbea568ad85a19e0109c2600000124128acb0800000000000000000000000031b7e144b2cf261a015004bee9c84a98263e2f66000000000000000000000000000000000000000000000000000000000000000100000000000000000000000000000000000000000001d521339f91de2443ec7800000000000000000000000000000000000000000000000000000001000276a400000000000000000000000000000000000000000000000000000000000000a00000000000000000000000000000000000000000000000000000000000000060956f47f50a910163d8bf957cf5846d573e7f87ca00000044a9059cbb0000000000000000000000008c54aa2a32a779e6f6fbea568ad85a19e0109c2600000000000000000000000000000000000000000001d521339f91de2443ec780000005ca0b86991c6218b36c1d19d4a2e9eb0ce3606eb4800000044a9059cbb00000000000000000000000088e6a0c2ddd26feeb64f039a2c41296fcb3f564000000000000000000000000000000000000000000000000000000202e33f860200000000000000000000000000000250a0b86991c6218b36c1d19d4a2e9eb0ce3606eb4800000044a9059cbb0000000000000000000000000a04e8b4d2014cd2d07a9eaf946945bed1262a9900000000000000000000000000000000000000000000000000000000bb23eb4f
0x4e01b3d38d3cc4db7b6a638ca081d7afa73cd2df4beb3348b36093dfe1b6f614,13754656,63,0,2,-18.86105721,0.0,0.01888828372971792,-18.879945493729718,0x04236cf5c02aaa39b223fe8d0a0e5c4f27ead9083c756cc28000000400000000000000000000000000000000000000000000000105bfef9a325ec000d0e30db0381fe4eb128db1621647ca00965da3f9e09f4fac000000043850c7bd7b73644935b8e68019ac6356c40661e1bc315860000000040902f1ac381fe4eb128db1621647ca00965da3f9e09f4fac00000144128acb080027100000000000000000007b73644935b8e68019ac6356c40661e1bc315860000000000000000000000000000000000000000000000000000000000000000000000000000000000000000000000000000000000000000105bfef9a325ec000000000000000000000000000fffd8963efd1fc6a506488495d951d5263988d2500000000000000000000000000000000000000000000000000000000000000a00000000000000000000000000000000000000000000000000000000000000080c02aaa39b223fe8d0a0e5c4f27ead9083c756cc20000006423b872dd00000000000000000000000031b7e144b2cf261a015004bee9c84a98263e2f66000000000000000000000000381fe4eb128db1621647ca00965da3f9e09f4fac00000000000000000000000000000000000000000000000105bfef9a325ec0000000007c7b73644935b8e68019ac6356c40661e1bc315860000000040902f1ac7b73644935b8e68019ac6356c40661e1bc31586000000084022c0d9f000000000000000000000000000000000000000000000000000000000000000000000000000000000000000000000000000000000000000109c05d907d87781500000000000000000000000031b7e144b2cf261a015004bee9c84a98263e2f660000000000000000000000000000000000000000000000000000000000000000c02aaa39b223fe8d0a0e5c4f27ead9083c756cc2000000242e1a7d4d00000000000000000000000000000000000000000000000109c05d907d877815
0x51c3df551275d566daea0ec8239266999554dcd45da8eacb35262a782ff4a8fc,13462480,280,1,2,0.0,0.0,0.004231995697810854,-0.004231995697810854,0xa9059cbb00000000000000000000000031b7e144b2cf261a015004bee9c84a98263e2f66000000000000000000000000000000000000000000000000000009184e72a000
0x52e0e576bcdbc62a3391c32d672682b27d5fc1eb6a7738220f203e95689209e6,13590737,79,0,2,0.0,0.0,0.15973610216187545,-0.15973610216187545,0x04236cf5b783c0e21763bef9f2d04e6499abfbe23adb7e1f00000004edaafe20b783c0e21763bef9f2d04e6499abfbe23adb7e1f000000043be8261bed5f8192e28da677b823679aba71f97628f211e000000084f389e1610000000000000000000000008c54aa2a32a779e6f6fbea568ad85a19e0109c2600000000000000000000000000000000000000000005cc867dea678d5416e86000000000000000000000000000000000000000000000000000000000000000010000000000000000000000000000000000000000000000000de0b6b3a7640000ed5f8192e28da677b823679aba71f97628f211e000000084f389e16100000000000000000000000088e6a0c2ddd26feeb64f039a2c41296fcb3f5640000000000000000000000000000000000000000000000000000002366799eed7000000000000000000000000000000000000000000000000000000000000000100000000000000000000000000000000000000000000000000000000000f424088e6a0c2ddd26feeb64f039a2c41296fcb3f564000000324128acb0800000000000000000000000031b7e144b2cf261a015004bee9c84a98263e2f66000000000000000000000000000000000000000000000000000000000000000100000000000000000000000000000000000000000000000000000205ed24087200000000000000000000000000000000000000000000000000000001000276a400000000000000000000000000000000000000000000000000000000000000a00000000000000000000000000000000000000000000000000000000000000260c02aaa39b223fe8d0a0e5c4f27ead9083c756cc2000000242e1a7d4d000000000000000000000000000000000000000000000019e079ab8ca6de6000b783c0e21763bef9f2d04e6499abfbe23adb7e1f80000044000000000000000000000000000000000000000000000019e079ab8ca6de60008de9322200000000000000000000000031b7e144b2cf261a015004bee9c84a98263e2f66000000000000000000000000000000000000000000000019e079ab8ca6de60008c54aa2a32a779e6f6fbea568ad85a19e0109c2600000124128acb0800000000000000000000000031b7e144b2cf261a015004bee9c84a98263e2f66000000000000000000000000000000000000000000000000000000000000000100000000000000000000000000000000000000000001d86b5522fe8da430efbc00000000000000000000000000000000000000000000000000000001000276a400000000000000000000000000000000000000000000000000000000000000a00000000000000000000000000000000000000000000000000000000000000060956f47f50a910163d8bf957cf5846d573e7f87ca00000044a9059cbb0000000000000000000000008c54aa2a32a779e6f6fbea568ad85a19e0109c2600000000000000000000000000000000000000000001d86b5522fe8da430efbc0000005ca0b86991c6218b36c1d19d4a2e9eb0ce3606eb4800000044a9059cbb00000000000000000000000088e6a0c2ddd26feeb64f039a2c41296fcb3f564000000000000000000000000000000000000000000000000000000205ed24087200000000000000000000000000000250c02aaa39b223fe8d0a0e5c4f27ead9083c756cc2000000242e1a7d4d0000000000000000000000000000000000000000000000001f9c6f5edff41011
0x57ad0a9c0f627d4daa47e950de860cce9a86664f3e50ad018350836029f8a96b,13490732,5,1,2,2.1768531679618626,0.0,0.03399465222587742,2.142858515735985,0x04236cf50bb5fd9b4e16607d32c4e5ac625ac5381c60592000000364128acb0800000000000000000000000031b7e144b2cf261a015004bee9c84a98263e2f660000000000000000000000000000000000000000000000000000000000000000ffffffffffffffffffffffffffffffffffffffffffffffffffffffe8fff6ce9a000000000000000000000000fffd8963efd1fc6a506488495d951d5263988d2500000000000000000000000000000000000000000000000000000000000000a000000000000000000000000000000000000000000000000000000000000002a0fd31c7d00ca47653c6ce64af53c1571f9c36566a000000449ebea88c00000000000000000000000000000000000000000000000000000017000931660000000000000000000000000000000000000000000000000000000000000000383518188c0c6d7730d91b2c03a03c837814a89900000044a9059cbb00000000000000000000000034d7d7aaf50ad4944b70b320acb24c95fa2def7c000000000000000000000000000000000000000000000000000000170009316634d7d7aaf50ad4944b70b320acb24c95fa2def7c000000a4022c0d9f00000000000000000000000000000000000000000000000000000000000000000000000000000000000000000000000000000000000019e6da1d300708f75c05000000000000000000000000c3d03e4f041fd4cd388c549ee2a29a9e5075882f00000000000000000000000000000000000000000000000000000000000000800000000000000000000000000000000000000000000000000000000000000000c3d03e4f041fd4cd388c549ee2a29a9e5075882f000000a4022c0d9f00000000000000000000000000000000000000000000000000000000000000000000000000000000000000000000000000000000000000018f5beb7d5fbcdce600000000000000000000000031b7e144b2cf261a015004bee9c84a98263e2f6600000000000000000000000000000000000000000000000000000000000000800000000000000000000000000000000000000000000000000000000000000000c02aaa39b223fe8d0a0e5c4f27ead9083c756cc200000044a9059cbb0000000000000000000000000bb5fd9b4e16607d32c4e5ac625ac5381c60592000000000000000000000000000000000000000000000000171262f11232feb68000000000000000000000000000000000000028cc02aaa39b223fe8d0a0e5c4f27ead9083c756cc2000000242e1a7d4d0000000000000000000000000000000000000000000000001e35bc6c3c8cf17e
0x5fe3d43612f6f415214863c9f9e674a3c4a8b0718bd57f06c9c2fd1116e2b197,13492907,53,0,2,-4.823442471289248,0.0,0.007266524163139376,-4.830708995452387,0x04236cf5c02aaa39b223fe8d0a0e5c4f27ead9083c756cc28000000400000000000000000000000000000000000000000000000042f04f5f37ba560ad0e30db0c02aaa39b223fe8d0a0e5c4f27ead9083c756cc200000044a9059cbb00000000000000000000000017a2194d55f52fd0c711e0e42b41975494bb109b00000000000000000000000000000000000000000000000042f04f5f37ba560a17a2194d55f52fd0c711e0e42b41975494bb109b000000a4022c0d9f0000000000000000000000000000000000000000000017aaeff2758a742d64050000000000000000000000000000000000000000000000000000000000000000000000000000000000000000648450d9c30b73e2229303026107a1f7eb639f6c00000000000000000000000000000000000000000000000000000000000000800000000000000000000000000000000000000000000000000000000000000000648450d9c30b73e2229303026107a1f7eb639f6c000000a4022c0d9f000000000000000000000000000000000000000000000000000000000000000000000000000000000000000000000000000000000000000045e50d8f6ab908d800000000000000000000000031b7e144b2cf261a015004bee9c84a98263e2f6600000000000000000000000000000000000000000000000000000000000000800000000000000000000000000000000000000000000000000000000000000000c02aaa39b223fe8d0a0e5c4f27ead9083c756cc2000000242e1a7d4d00000000000000000000000000000000000000000000000045e50d8f6ab908d8
0x633fe6b14167af4e5c14911009311fe7f0dae914a277e715ff83d04bb6b3e440,13664575,206,1,1,8.651778590864948,0.0,0.009936815395953221,8.641841775468995,0x5b2e99170000000000000000000000000a04e8b4d2014cd2d07a9eaf946945bed1262a99000000000000000000000000298d492e8c1d909d3f63bc4a36c66c64acb3d6950000000000000000000000000000000000000000000007eae4e0def66852aa68
0x667caff7620e7ff664e8210b1d4679081cdb728333cce96d01cb4a2c8eac6b6a,13649451,35,0,2,-0.0408960399999996,0.0,0.0289152838429598,-0.0698113238429594,0x04236cf574948a441fa42ae60fc39e993ed0a81041186566000000040902f1aca55ba5d915a53e3c0514ff4e232eb50af12922ec8000004400000000000000000000000000000000000000000000000000914abb50eb9000f39b5b9b000000000000000000000000000000000000000000000000000000000000000100000000000000000000000000000000000000000000000000000000619859e674948a441fa42ae60fc39e993ed0a81041186566000000040902f1ac5af2be193a6abca9c8817001f45744777db3075600000044a9059cbb00000000000000000000000074948a441fa42ae60fc39e993ed0a8104118656600000000000000000000000000000000000000000000000000000001246eae1674948a441fa42ae60fc39e993ed0a8104118656600000084022c0d9f00000000000000000000000000000000000000000000000000000000000000000000000000000000000000000000000000000000000000000175115dc6fc6b7800000000000000000000000031b7e144b2cf261a015004bee9c84a98263e2f660000000000000000000000000000000000000000000000000000000000000000c02aaa39b223fe8d0a0e5c4f27ead9083c756cc2000000242e1a7d4d0000000000000000000000000000000000000000000000000175115dc6fc6b78
0x66aa5ff31deb1ff133c879152a6edfe4ae65f4bce0a2a14612a3948c7023840d,13504013,80,0,2,-11.019043445582973,0.0,0.023805081621437057,-11.042848527204411,0x04236cf5c02aaa39b223fe8d0a0e5c4f27ead9083c756cc28000000400000000000000000000000000000000000000000000000098eb81a1e291c55dd0e30db02f62f2b4c5fcd7570a709dec05d68ea19c82a9ec00000124128acb08000000000000000000000000811beed0119b4afce20d2583eb608c6f7af1954f000000000000000000000000000000000000000000000000000000000000000000000000000000000000000000000000000000000000000098eb81a1e291c55d000000000000000000000000fffd8963efd1fc6a506488495d951d5263988d2500000000000000000000000000000000000000000000000000000000000000a00000000000000000000000000000000000000000000000000000000000000060c02aaa39b223fe8d0a0e5c4f27ead9083c756cc200000044a9059cbb0000000000000000000000002f62f2b4c5fcd7570a709dec05d68ea19c82a9ec00000000000000000000000000000000000000000000000098eb81a1e291c55d0000005c811beed0119b4afce20d2583eb608c6f7af1954f000000a4022c0d9f00000000000000000000000000000000000000000000000000000000000000000000000000000000000000000000000000000000000000009dc7bd412b27fce300000000000000000000000031b7e144b2cf261a015004bee9c84a98263e2f6600000000000000000000000000000000000000000000000000000000000000800000000000000000000000000000000000000000000000000000000000000000c02aaa39b223fe8d0a0e5c4f27ead9083c756cc2000000242e1a7d4d0000000000000000000000000000000000000000000000009dc7bd412b27fce3
0x673dbda3412adb0b5ce42bff0eae02f017e186eb1438d30fbe2547b045a22d7b,13471306,20,0,2,-3.5301662414937867,0.0,0.006476528045842648,-3.5366427695396294,0x04236cf5c02aaa39b223fe8d0a0e5c4f27ead9083c756cc28000000400000000000000000000000000000000000000000000000030fdab7e36502000d0e30db08597fa0773888107e2867d36dd87fe5bafeab328000000040902f1ac0cfbed8f2248d2735203f602be0cae5a3131ec68000000043850c7bd8597fa0773888107e2867d36dd87fe5bafeab328000000040902f1acc02aaa39b223fe8d0a0e5c4f27ead9083c756cc20000006423b872dd00000000000000000000000031b7e144b2cf261a015004bee9c84a98263e2f660000000000000000000000008597fa0773888107e2867d36dd87fe5bafeab32800000000000000000000000000000000000000000000000030fdab7e365020008597fa0773888107e2867d36dd87fe5bafeab32800000084022c0d9f0000000000000000000000000000000000000000000000000000000000000000000000000000000000000000000000000000000000000000000000000003016700000000000000000000000031b7e144b2cf261a015004bee9c84a98263e2f660000000000000000000000000000000000000000000000000000000000000000cc8fa225d80b9c7d42f96e9570156c65d6caaa250000002470a0823100000000000000000000000031b7e144b2cf261a015004bee9c84a98263e2f660cfbed8f2248d2735203f602be0cae5a3131ec6800000124128acb0800000000000000000000000031b7e144b2cf261a015004bee9c84a98263e2f6600000000000000000000000000000000000000000000000000000000000000000000000000000000000000000000000000000000000000000000000000030167000000000000000000000000fffd8963efd1fc6a506488495d951d5263988d2500000000000000000000000000000000000000000000000000000000000000a00000000000000000000000000000000000000000000000000000000000000060cc8fa225d80b9c7d42f96e9570156c65d6caaa2500000044a9059cbb0000000000000000000000000cfbed8f2248d2735203f602be0cae5a3131ec6800000000000000000000000000000000000000000000000000000000000301670000005cc02aaa39b223fe8d0a0e5c4f27ead9083c756cc2000000242e1a7d4d0000000000000000000000000000000000000000000000003379e8dafc0ff7fc
0x6caa7c5872a3d8a58bc7237e629479bbe9a3ee5aa9b62df15b3f651e65bf202b,13546790,77,0,2,-10.29892688,0.0,0.01708694672334644,-10.316013826723346,0x04236cf5c02aaa39b223fe8d0a0e5c4f27ead9083c756cc2800000040000000000000000000000000000000000000000000000008eed236e6a1f4000d0e30db0c02aaa39b223fe8d0a0e5c4f27ead9083c756cc20000006423b872dd00000000000000000000000031b7e144b2cf261a015004bee9c84a98263e2f6600000000000000000000000015e86e6f65ef7ea1dbb72a5e51a07926fb1c82e30000000000000000000000000000000000000000000000008eed236e6a1f400015e86e6f65ef7ea1dbb72a5e51a07926fb1c82e300000084022c0d9f00000000000000000000000000000000000000000000000000000000000000000000000000000000000000000000000000000000000095e71819cdbf1c2a745e00000000000000000000000008650bb9dc722c9c8c62e79c2bafa2d3fc5b3293000000000000000000000000000000000000000000000000000000000000000008650bb9dc722c9c8c62e79c2bafa2d3fc5b329300000084022c0d9f000000000000000000000000000000000000000000000000935de8f64cecc7a0000000000000000000000000000000000000000000000000000000000000000000000000000000000000000031b7e144b2cf261a015004bee9c84a98263e2f660000000000000000000000000000000000000000000000000000000000000020c02aaa39b223fe8d0a0e5c4f27ead9083c756cc2000000242e1a7d4d000000000000000000000000000000000000000000000000935de8f64cecc7a0
0x773e2a120a791aae2d68d5330f90644375701f46223be18f5b6fb66e82823535,13660146,15,0,2,-0.6927014773211557,0.0,0.05967529813128044,-0.7523767754524362,0x04236cf5c02aaa39b223fe8d0a0e5c4f27ead9083c756cc280000004000000000000000000000000000000000000000000000000099cf852d31da480d0e30db0f4f71bc321e1ed2fff8165e524dfba24dcfcff5f000000043850c7bd0557af8e3f114fcada7325907bcd0f684e3f9005000000040902f1acf4f71bc321e1ed2fff8165e524dfba24dcfcff5f00000144128acb080027100000000000000000000557af8e3f114fcada7325907bcd0f684e3f90050000000000000000000000000000000000000000000000000000000000000000000000000000000000000000000000000000000000000000099cf852d31da480000000000000000000000000fffd8963efd1fc6a506488495d951d5263988d2500000000000000000000000000000000000000000000000000000000000000a00000000000000000000000000000000000000000000000000000000000000080c02aaa39b223fe8d0a0e5c4f27ead9083c756cc20000006423b872dd00000000000000000000000031b7e144b2cf261a015004bee9c84a98263e2f66000000000000000000000000f4f71bc321e1ed2fff8165e524dfba24dcfcff5f000000000000000000000000000000000000000000000000099cf852d31da4800000007c0557af8e3f114fcada7325907bcd0f684e3f9005000000040902f1ac0557af8e3f114fcada7325907bcd0f684e3f900500000084022c0d9f0000000000000000000000000000000000000000000000000000000000000000000000000000000000000000000000000000000000000000263130cc97831d4100000000000000000000000031b7e144b2cf261a015004bee9c84a98263e2f660000000000000000000000000000000000000000000000000000000000000000c02aaa39b223fe8d0a0e5c4f27ead9083c756cc2000000242e1a7d4d000000000000000000000000000000000000000000000000263130cc97831d41
0x7a4370403a16923d82c4c25125cee56ebb8280ba3f425d7fdb5ee69ec558b329,13654944,12,0,2,-0.47679795,0.0,0.01203472508277193,-0.48883267508277195,0x04236cf5c02aaa39b223fe8d0a0e5c4f27ead9083c756cc280000004000000000000000000000000000000000000000000000000069ded3597626c00d0e30db06ae0cdc5d2b89a8dcb99ad6b3435b3e7f7290077000000043850c7bdddf82a683e9af51f48c6b9114b5e0cc220bac52d000000040902f1ac6ae0cdc5d2b89a8dcb99ad6b3435b3e7f729007700000144128acb08000bb8000000000000000000ddf82a683e9af51f48c6b9114b5e0cc220bac52d0000000000000000000000000000000000000000000000000000000000000000000000000000000000000000000000000000000000000000069ded3597626c00000000000000000000000000fffd8963efd1fc6a506488495d951d5263988d2500000000000000000000000000000000000000000000000000000000000000a00000000000000000000000000000000000000000000000000000000000000080c02aaa39b223fe8d0a0e5c4f27ead9083c756cc20000006423b872dd00000000000000000000000031b7e144b2cf261a015004bee9c84a98263e2f660000000000000000000000006ae0cdc5d2b89a8dcb99ad6b3435b3e7f7290077000000000000000000000000000000000000000000000000069ded3597626c000000007cddf82a683e9af51f48c6b9114b5e0cc220bac52d000000040902f1acddf82a683e9af51f48c6b9114b5e0cc220bac52d00000084022c0d9f0000000000000000000000000000000000000000000000000000000000000000000000000000000000000000000000000000000000000000135f60922013bedb00000000000000000000000031b7e144b2cf261a015004bee9c84a98263e2f660000000000000000000000000000000000000000000000000000000000000000c02aaa39b223fe8d0a0e5c4f27ead9083c756cc2000000242e1a7d4d000000000000000000000000000000000000000000000000135f60922013bedb
0x7cd4be705ee33aedc657b04078e24df8e53e0eebacdd6e9f67d76c7a6474575e,13664011,232,1,2,0.23362753013942594,0.0,0.01336049363927856,0.2202670365001474,0x04236cf57a250d5630b4cf539739df2c5dacb4c659f2488d00000104791ac947000000000000000000000000000000000000000000000016267f04a7ad156bb7000000000000000000000000000000000000000000000000031b317744c12b4700000000000000000000000000000000000000000000000000000000000000a000000000000000000000000031b7e144b2cf261a015004bee9c84a98263e2f6600000000000000000000000000000000000000000000000000000000619b759e0000000000000000000000000000000000000000000000000000000000000002000000000000000000000000298d492e8c1d909d3f63bc4a36c66c64acb3d695000000000000000000000000c02aaa39b223fe8d0a0e5c4f27ead9083c756cc2
0x81c9e4646c02ea7d8cdb6946d154edd927a06cee0a77eb588b3efac8cd6cbc75,13673708,31,0,2,-46.13478182186005,0.0,0.02475541640703449,-46.159537238267085,0x04236cf5c02aaa39b223fe8d0a0e5c4f27ead9083c756cc280000004000000000000000000000000000000000000000000000002803faba26a1e0732d0e30db0c2e9f25be6257c210d7adf0d4cd6e3e881ba25f800000124128acb0800000000000000000000000034d7d7aaf50ad4944b70b320acb24c95fa2def7c0000000000000000000000000000000000000000000000000000000000000000000000000000000000000000000000000000000000000002803faba26a1e0732000000000000000000000000fffd8963efd1fc6a506488495d951d5263988d2500000000000000000000000000000000000000000000000000000000000000a00000000000000000000000000000000000000000000000000000000000000060c02aaa39b223fe8d0a0e5c4f27ead9083c756cc200000044a9059cbb000000000000000000000000c2e9f25be6257c210d7adf0d4cd6e3e881ba25f8000000000000000000000000000000000000000000000002803faba26a1e07320000005c34d7d7aaf50ad4944b70b320acb24c95fa2def7c000000a4022c0d9f00000000000000000000000000000000000000000000000000000033881ba1180000000000000000000000000000000000000000000000000000000000000000000000000000000000000000fffae4a0f4ac251f4705717cd24cadccc9f33e0600000000000000000000000000000000000000000000000000000000000000800000000000000000000000000000000000000000000000000000000000000000fffae4a0f4ac251f4705717cd24cadccc9f33e06000000a4022c0d9f000000000000000000000000000000000000000000000000000000000000000000000000000000000000000000000000000000000000000286387b47257f668100000000000000000000000031b7e144b2cf261a015004bee9c84a98263e2f6600000000000000000000000000000000000000000000000000000000000000800000000000000000000000000000000000000000000000000000000000000000c02aaa39b223fe8d0a0e5c4f27ead9083c756cc2000000242e1a7d4d00000000000000000000000000000000000000000000000286387b47257f6681
0x87db0df76314981eee595e592660033a4a4730e9d66bfb9e51b4526950dc5652,13753554,13,0,2,-4.467874248109986,0.0,0.02112741168447939,-4.489001659794465,0x04236cf5c02aaa39b223fe8d0a0e5c4f27ead9083c756cc2800000040000000000000000000000000000000000000000000000003e0113f4f3b60fc6d0e30db0c02aaa39b223fe8d0a0e5c4f27ead9083c756cc200000044a9059cbb0000000000000000000000003bf1b837ccc1f62114a3e74ced4fcfb121d7e52a0000000000000000000000000000000000000000000000003e0113f4f3b60fc63bf1b837ccc1f62114a3e74ced4fcfb121d7e52a000000a4022c0d9f00000000000000000000000000000000000000000000000000000c0e46f150f3000000000000000000000000000000000000000000000000000000000000000000000000000000000000000031b7e144b2cf261a015004bee9c84a98263e2f66000000000000000000000000000000000000000000000000000000000000008000000000000000000000000000000000000000000000000000000000000000002b43fe4f41d871fbc75af6e0ce85bce38ff1edc700000124128acb0800000000000000000000000031b7e144b2cf261a015004bee9c84a98263e2f66000000000000000000000000000000000000000000000000000000000000000100000000000000000000000000000000000000000000000000000c0e46f150f300000000000000000000000000000000000000000000000000000001000276a400000000000000000000000000000000000000000000000000000000000000a000000000000000000000000000000000000000000000000000000000000000603d658390460295fb963f54dc0899cfb1c30776df00000044a9059cbb0000000000000000000000002b43fe4f41d871fbc75af6e0ce85bce38ff1edc700000000000000000000000000000000000000000000000000000c0e46f150f30000005cc02aaa39b223fe8d0a0e5c4f27ead9083c756cc2000000242e1a7d4d0000000000000000000000000000000000000000000000004e02a11e4b15987f
0x8a5b625b3099be717eb10fa0cc04832e12544f6e1e4ec2053b21cf4d3c077ce7,13500225,10,1,2,0.7512199519847442,0.0,0.04947908128689197,0.7017408706978523,0x04236cf5c02aaa39b223fe8d0a0e5c4f27ead9083c756cc280000004000000000000000000000000000000000000000000000001c16d4baa157e9ea6d0e30db0c02aaa39b223fe8d0a0e5c4f27ead9083c756cc200000044a9059cbb000000000000000000000000cf6daab95c476106eca715d48de4b13287ffdeaa000000000000000000000000000000000000000000000001c16d4baa157e9ea6cf6daab95c476106eca715d48de4b13287ffdeaa000000a4022c0d9f0000000000000000000000000000000000000000060e8b8bf91e64f6c600c6fe000000000000000000000000000000000000000000000000000000000000000000000000000000000000000031b7e144b2cf261a015004bee9c84a98263e2f660000000000000000000000000000000000000000000000000000000000000080000000000000000000000000000000000000000000000000000000000000000095ad61b0a150d79219dcf64e1e6cc01f0b64c4ce00000044a9059cbb000000000000000000000000ff64cb7ba5717a10dabc4be3a41acd2c2f95ee220000000000000000000000000000000000000000060e8b8bf91e64f6c600c6feff64cb7ba5717a10dabc4be3a41acd2c2f95ee22000000a4022c0d9f0000000000000000000000000000000000000000000000000000000000000000000000000000000000000000000000000000000000000c4ffb4da8d6dc21feab00000000000000000000000031b7e144b2cf261a015004bee9c84a98263e2f66000000000000000000000000000000000000000000000000000000000000008000000000000000000000000000000000000000000000000000000000000000009813037ee2218799597d83d4a5b6f3b6778218d900000044a9059cbb000000000000000000000000efb47fcfcad4f96c83d4ca676842fb03ef20a477000000000000000000000000000000000000000000000c4ffb4da8d6dc21feabefb47fcfcad4f96c83d4ca676842fb03ef20a477000000a4022c0d9f0000000000000000000000000000000000000000000000000000000000000000000000000000000000000000000000000000000000000001cbda2a3b07bb413e00000000000000000000000031b7e144b2cf261a015004bee9c84a98263e2f6600000000000000000000000000000000000000000000000000000000000000800000000000000000000000000000000000000000000000000000000000000000c02aaa39b223fe8d0a0e5c4f27ead9083c756cc2000000242e1a7d4d000000000000000000000000000000000000000000000001cbda2a3b07bb413e
0xa293e81c83cad447f24d38995e041c9816331a836fa3d92a7815bb37d67d2ea8,13501967,35,0,2,-47.39904500604156,0.0,0.020716335207727955,-47.41976134124929,0x04236cf5c02aaa39b223fe8d0a0e5c4f27ead9083c756cc28000000400000000000000000000000000000000000000000000000291cb3c4d55dc48c0d0e30db0c02aaa39b223fe8d0a0e5c4f27ead9083c756cc200000044a9059cbb00000000000000000000000057654ae132413e81459ad2ae70c2570a9b89fb5300000000000000000000000000000000000000000000000291cb3c4d55dc48c057654ae132413e81459ad2ae70c2570a9b89fb53000000a4022c0d9f000000000000000000000000000000000000000000000003afda75931ac3caa80000000000000000000000000000000000000000000000000000000000000000000000000000000000000000f6badfb9b0ab2f8f3fd8225ef1ea12fa689ad1a700000000000000000000000000000000000000000000000000000000000000800000000000000000000000000000000000000000000000000000000000000000f6badfb9b0ab2f8f3fd8225ef1ea12fa689ad1a7000000a4022c0d9f00000000000000000000000000000000000000000000000000000000000000000000000000000000000000000000000000000000000010b4a4c2494d84424ec5000000000000000000000000efb47fcfcad4f96c83d4ca676842fb03ef20a47700000000000000000000000000000000000000000000000000000000000000800000000000000000000000000000000000000000000000000000000000000000efb47fcfcad4f96c83d4ca676842fb03ef20a477000000a4022c0d9f0000000000000000000000000000000000000000000000000000000000000000000000000000000000000000000000000000000000000002a7e66330dd2817f000000000000000000000000031b7e144b2cf261a015004bee9c84a98263e2f6600000000000000000000000000000000000000000000000000000000000000800000000000000000000000000000000000000000000000000000000000000000c02aaa39b223fe8d0a0e5c4f27ead9083c756cc2000000242e1a7d4d000000000000000000000000000000000000000000000002a7e66330dd2817f0
0xa65eac29162978befba1f9c01d5e90c797310d2bf63ced3853cd76e60e58179a,13712493,29,1,2,0.0,0.0,0.6160163849268446,-0.6160163849268446,0xfb5fe1c20000000000000000000000001454232149a0dc51e612b471fe6d3393e60d09ad0000000000000000000000000000000000000000000000000000000000000080000000000000000000000000000000000000000000000000005b63e7a8c8d940000000000000000000000000000000000000000000000000000000000000000000000000000000000000000000000000000000000000000000000000000000220000000000000000000000003777b152a71d08a4f8183d1cdd3eb94fc4532a440000000000000000000000000000000000000000000000000002c6e6ac6e2a60000000000000000000000000cddd0380132770c7a03f2ac2b2d421d35b95cedd0000000000000000000000000000000000000000000000000002c5a1d7982420000000000000000000000000480e5dcd2f295b52e36136ced02da4b065336c340000000000000000000000000000000000000000000000000002c4350a2db620000000000000000000000000667321b3499ce9f0f3369c15adb3a76d952e0e1e0000000000000000000000000000000000000000000000000002c40739f82440000000000000000000000000ba20ecf17a6e8b135aaf399ed146c513db9496f60000000000000000000000000000000000000000000000000002c337637d6080000000000000000000000000cb3a7b1b2e0d972f7f7825dfabf3558439eb31110000000000000000000000000000000000000000000000000002c32b70b76ae00000000000000000000000009bb0c62ed7d8135353e49a4c7a40d239c5013bae0000000000000000000000000000000000000000000000000002c32b70b76ae0000000000000000000000000deb23a7163a2bb262d5a562a69ba542ec56059310000000000000000000000000000000000000000000000000002c32b70b76ae0000000000000000000000000d6defbfc00b1e478dc18c34de1a6663712f1212c0000000000000000000000000000000000000000000000000002c32b70b76ae0000000000000000000000000ad8df1c5b3dd311f41c1442257002047bfddd7bf0000000000000000000000000000000000000000000000000002be8a3b06ffa0000000000000000000000000ca4e0464730af34a16cd99ea4c0ecfb50287b4120000000000000000000000000000000000000000000000000002bda93616ae000000000000000000000000008f3e11e9dc5ffac09af37fbdd1ad0484a76a1f950000000000000000000000000000000000000000000000000002bb1003739a80000000000000000000000000e740a8d9ede68e0f4a6d0efbac9b14384256635c0000000000000000000000000000000000000000000000000002b55d2e7dbe800000000000000000000000007867b2a3d477121797f1aaf60e11f916b148562f0000000000000000000000000000000000000000000000000002af773af931800000000000000000000000003519efb7c2dec986d818d0f78a99512f9e3c294b0000000000000000000000000000000000000000000000000002ad49db17a8c0000000000000000000000000c8bdcc05b3de862771706cea7303053da3bcecc50000000000000000000000000000000000000000000000000002ac2c4382b7c0000000000000000000000000a33647e2cece3f571740e611477baee5a5c4a96b0000000000000000000000000000000000000000000000000002ab990bdb78e000000000000000000000000092e0c2625202977646d422e506c2ae3b9f4a73ad0000000000000000000000000000000000000000000000000002ab98ecf550e0000000000000000000000000b8e7c7159414825b2d78a6648a5af60ae1f1eab70000000000000000000000000000000000000000000000000002ab66dc62d5e0000000000000000000000000a72dd23f357b1e7b4e0d8470f551997b8ecbc85b0000000000000000000000000000000000000000000000000002aa7d4ca161e00000000000000000000000004c7d2929f23cdb7e5fe7742065ab11d95f8f27280000000000000000000000000000000000000000000000000002a97073c8ebc000000000000000000000000084d6fdd9711662d5e3e2d75ee73bb596916f28280000000000000000000000000000000000000000000000000002a93b4c5dc68000000000000000000000000037f42cc339842a3e536578eeb4567a61f32131db0000000000000000000000000000000000000000000000000002a7aeb06246800000000000000000000000007908185c574cebd231273dd7e42e2547e177d7bc0000000000000000000000000000000000000000000000000002a70323cb7c600000000000000000000000000527d520295caf1d9da023524e48f38b24e7043f0000000000000000000000000000000000000000000000000002a561fdd189c0000000000000000000000000c0a829778d62d0afe4ed1bd90fd390ad75d50cd70000000000000000000000000000000000000000000000000002a2bb1f46346000000000000000000000000031b7e144b2cf261a015004bee9c84a98263e2f660000000000000000000000000000000000000000000000000002a2b070e941a00000000000000000000000009f57377c63dde9c95105c87428eb57157fba2cdc0000000000000000000000000000000000000000000000000002a11dfafb0660000000000000000000000000e608e9ef2544e829dc3e201317c1cc858b864f710000000000000000000000000000000000000000000000000002a105c083e8c00000000000000000000000005b890462b028ea5ab990ec835dc025546675ed4c00000000000000000000000000000000000000000000000000029f9c90887d80000000000000000000000000aa884ac9bb63d810baeda6a4a5e8406fee088d5100000000000000000000000000000000000000000000000000029f701e5287a00000000000000000000000004ab97cdadf27122f478c73498aac70d0ac51313800000000000000000000000000000000000000000000000000029ae1f9546c8000000000000000000000000052bf074085754f3501b529892a55f86ed6aceefd00000000000000000000000000000000000000000000000000029a78eb181b80000000000000000000000000588e532942a8725c5b132ef11302950c1c0303b9000000000000000000000000000000000000000000000000000299e32aae1920
0xaee732281e4a463a7248ad68158abd5924039f485202c6931775e7b3f424e9dc,13737805,216,1,2,0.0,0.0,0.003147280191665376,-0.003147280191665376,0x04236cf5aef63251dc14a0fde2b02908a87a60e6c5d28d39800000040000000000000000000000000000000000000000000000000071f46365c3eb873ccfd60b
0xb34cb3fc0eaf0625a0503a7e184412d671818ef35cd345a49dcb31635d8720ee,13514812,346,0,2,-0.01,0.0,0.016083013339449614,-0.026083013339449616,0x04236cf5c02aaa39b223fe8d0a0e5c4f27ead9083c756cc280000004000000000000000000000000000000000000000000000000002386f26fc10000d0e30db0c02aaa39b223fe8d0a0e5c4f27ead9083c756cc200000044a9059cbb0000000000000000000000006c239518495f92363ad341b2290984eda7623d1e000000000000000000000000000000000000000000000000002386f26fc100006c239518495f92363ad341b2290984eda7623d1e000000a4022c0d9f000000000000000000000000000000000000000000000000000000000000000000000000000000000000000000000000000000000000017ca9d373d978f8000000000000000000000000000031b7e144b2cf261a015004bee9c84a98263e2f6600000000000000000000000000000000000000000000000000000000000000800000000000000000000000000000000000000000000000000000000000000000c047c42554c6495c85108ae8ee66fa4e3b88176d000000449dc29fac0000000000000000000000006c239518495f92363ad341b2290984eda7623d1e0000000000000000000000000000000000000000001670335c6eb72973829afb6c239518495f92363ad341b2290984eda7623d1e00000004fff6cae9c047c42554c6495c85108ae8ee66fa4e3b88176d00000044a9059cbb0000000000000000000000006c239518495f92363ad341b2290984eda7623d1e00000000000000000000000000000000000000000000017ca9d373d978f800006c239518495f92363ad341b2290984eda7623d1e000000a4022c0d9f00000000000000000000000000000000000000000000000215d0946b3d0b0f21000000000000000000000000000000000000000000000000000000000000000000000000000000000000000031b7e144b2cf261a015004bee9c84a98263e2f6600000000000000000000000000000000000000000000000000000000000000800000000000000000000000000000000000000000000000000000000000000000c02aaa39b223fe8d0a0e5c4f27ead9083c756cc2000000242e1a7d4d00000000000000000000000000000000000000000000000215d0946b3d0b0f21
0xb81fa2890bf275073ef7462a025c36d9fccdb5fe01bb70b931b96d2e3d7f39b8,13587226,101,0,2,-3.177178424257889,0.0,0.013720879508516136,-3.190899303766405,0x04236cf5c02aaa39b223fe8d0a0e5c4f27ead9083c756cc2800000040000000000000000000000000000000000000000000000002c179af185ed41f2d0e30db0c02aaa39b223fe8d0a0e5c4f27ead9083c756cc200000044a9059cbb0000000000000000000000004c083084c9d50334b343c44ec97d16011303cc730000000000000000000000000000000000000000000000002c179af185ed41f24c083084c9d50334b343c44ec97d16011303cc73000000a4022c0d9f0000000000000000000000000000000000000000000000000000000000000000000000000000000000000000000000000000000000000c4c0cd6df015ccf9b3e00000000000000000000000031b7e144b2cf261a015004bee9c84a98263e2f6600000000000000000000000000000000000000000000000000000000000000800000000000000000000000000000000000000000000000000000000000000000d9016a907dc0ecfa3ca425ab20b6b785b42f237300000044a9059cbb000000000000000000000000a23e1f551cfeac9ff762d351010136fafc3008e9000000000000000000000000000000000000000000000c4c0cd6df015ccf9b3ea23e1f551cfeac9ff762d351010136fafc3008e9000000a4022c0d9f0000000000000000000000000000000000000000000013048d9c32f8b29baac6000000000000000000000000000000000000000000000000000000000000000000000000000000000000000031b7e144b2cf261a015004bee9c84a98263e2f6600000000000000000000000000000000000000000000000000000000000000800000000000000000000000000000000000000000000000000000000000000000557b933a7c2c45672b610f8954a3deb39a51a8ca00000044a9059cbb000000000000000000000000c926990039045611eb1de520c1e249fd0d20a8ea0000000000000000000000000000000000000000000013048d9c32f8b29baac6c926990039045611eb1de520c1e249fd0d20a8ea000000a4022c0d9f000000000000000000000000000000000000000000000000000000000000000000000000000000000000000000000000000000000000000032d6e91857d15b9400000000000000000000000031b7e144b2cf261a015004bee9c84a98263e2f6600000000000000000000000000000000000000000000000000000000000000800000000000000000000000000000000000000000000000000000000000000000c02aaa39b223fe8d0a0e5c4f27ead9083c756cc2000000242e1a7d4d00000000000000000000000000000000000000000000000032d6e91857d15b94
0xc3be51539edc249e1e5c68d8a68ba16d2542430e23d5b766216d7dcdb523e309,13499799,3,1,1,0.1131439911627907,0.0,0.06479650220879456,0.04834748895399614,0x04236cf55bc25f649fc4e26069ddf4cf4010f9f706c2383100000044095ea7b30000000000000000000000008038c01a0390a8c547446a0b2c18fc9aefecc10cffffffffffffffffffffffffffffffffffffffffffffffffffffffffffffffffc02aaa39b223fe8d0a0e5c4f27ead9083c756cc280000004000000000000000000000000000000000000000000000000171b447a7600e7ecd0e30db0b1d38026062ac10feda072ca0e9b7e35f1f5795a000000040902f1ac8038c01a0390a8c547446a0b2c18fc9aefecc10c000000244903b0d100000000000000000000000000000000000000000000000000000000000000008038c01a0390a8c547446a0b2c18fc9aefecc10c000000244903b0d100000000000000000000000000000000000000000000000000000000000000018ad599c3a0ff1de082011efddc58f1908eb6e6d8000000043850c7bdb1d38026062ac10feda072ca0e9b7e35f1f5795a000000040902f1acc02aaa39b223fe8d0a0e5c4f27ead9083c756cc20000006423b872dd00000000000000000000000031b7e144b2cf261a015004bee9c84a98263e2f66000000000000000000000000b1d38026062ac10feda072ca0e9b7e35f1f5795a000000000000000000000000000000000000000000000000171b447a7600e7ecb1d38026062ac10feda072ca0e9b7e35f1f5795a00000084022c0d9f0000000000000000000000000000000000000000000000b6b90473f66b408129000000000000000000000000000000000000000000000000000000000000000000000000000000000000000031b7e144b2cf261a015004bee9c84a98263e2f6600000000000000000000000000000000000000000000000000000000000000205bc25f649fc4e26069ddf4cf4010f9f706c238310000002470a0823100000000000000000000000031b7e144b2cf261a015004bee9c84a98263e2f668038c01a0390a8c547446a0b2c18fc9aefecc10c00000084a6417ed6000000000000000000000000000000000000000000000000000000000000000000000000000000000000000000000000000000000000000000000000000000020000000000000000000000000000000000000000000000b6b90473f66b3762000000000000000000000000000000000000000000000000000000000000000000a0b86991c6218b36c1d19d4a2e9eb0ce3606eb480000002470a0823100000000000000000000000031b7e144b2cf261a015004bee9c84a98263e2f668ad599c3a0ff1de082011efddc58f1908eb6e6d800000124128acb0800000000000000000000000031b7e144b2cf261a015004bee9c84a98263e2f66000000000000000000000000000000000000000000000000000000000000000100000000000000000000000000000000000000000000000000000003f4a67f1900000000000000000000000000000000000000000000000000000001000276a400000000000000000000000000000000000000000000000000000000000000a00000000000000000000000000000000000000000000000000000000000000060a0b86991c6218b36c1d19d4a2e9eb0ce3606eb4800000044a9059cbb0000000000000000000000008ad599c3a0ff1de082011efddc58f1908eb6e6d800000000000000000000000000000000000000000000000000000003f4a67f190000005ca0b86991c6218b36c1d19d4a2e9eb0ce3606eb4800000044a9059cbb0000000000000000000000000a04e8b4d2014cd2d07a9eaf946945bed1262a99000000000000000000000000000000000000000000000000000000001cffb17ac02aaa39b223fe8d0a0e5c4f27ead9083c756cc2000000242e1a7d4d0000000000000000000000000000000000000000000000003b1cd0cb288ab487
0xcd59796f13cb9937491b26dfde0f5eaa143c495a1886f83ce586259f9cf6bace,13663417,171,1,2,0.422199277735973,0.0,0.02002490102311154,0.40217437671286144,0x04236cf5298d492e8c1d909d3f63bc4a36c66c64acb3d69500000044095ea7b30000000000000000000000007a250d5630b4cf539739df2c5dacb4c659f2488dffffffffffffffffffffffffffffffffffffffffffffffffffffffffffffffff7a250d5630b4cf539739df2c5dacb4c659f2488d00000104791ac947000000000000000000000000000000000000000000000028a857425466f8000000000000000000000000000000000000000000000000000005c5ecfbe40de7d400000000000000000000000000000000000000000000000000000000000000a000000000000000000000000031b7e144b2cf261a015004bee9c84a98263e2f6600000000000000000000000000000000000000000000000000000000619b590f0000000000000000000000000000000000000000000000000000000000000002000000000000000000000000298d492e8c1d909d3f63bc4a36c66c64acb3d695000000000000000000000000c02aaa39b223fe8d0a0e5c4f27ead9083c756cc2
0xd1e36e46ab2055d8f4e34a0849db1fb1f0c16ab13b3805a742221df8d1b966d2,13664010,245,1,2,0.23384379564155552,0.0,0.01208958031405866,0.22175421532749687,0x04236cf57a250d5630b4cf539739df2c5dacb4c659f2488d00000104791ac947000000000000000000000000000000000000000000000016267f04a7ad156bb7000000000000000000000000000000000000000000000000031b317744c12b4700000000000000000000000000000000000000000000000000000000000000a000000000000000000000000031b7e144b2cf261a015004bee9c84a98263e2f6600000000000000000000000000000000000000000000000000000000619b759e0000000000000000000000000000000000000000000000000000000000000002000000000000000000000000298d492e8c1d909d3f63bc4a36c66c64acb3d695000000000000000000000000c02aaa39b223fe8d0a0e5c4f27ead9083c756cc2
0xd739cc3b0011612d6366d0f2e5248ea46e9edf61ac11f9afe91c00761d07af2d,13484488,20,0,2,-27.47407128829816,0.0,0.007311410933801845,-27.48138269923196,0x04236cf5c02aaa39b223fe8d0a0e5c4f27ead9083c756cc2800000040000000000000000000000000000000000000000000000017d478245d8c5419bd0e30db0c02aaa39b223fe8d0a0e5c4f27ead9083c756cc200000044a9059cbb000000000000000000000000ce7e98d4da6ebda6af474ea618c6b175729cd3660000000000000000000000000000000000000000000000017d478245d8c5419bce7e98d4da6ebda6af474ea618c6b175729cd366000000a4022c0d9f000000000000000000000000000000000000000000001fb26d0d19e0790c6e470000000000000000000000000000000000000000000000000000000000000000000000000000000000000000a5c475167f03b1556c054e0da78192cd2779087f00000000000000000000000000000000000000000000000000000000000000800000000000000000000000000000000000000000000000000000000000000000a5c475167f03b1556c054e0da78192cd2779087f000000a4022c0d9f00000000000000000000000000000000000000000000000000000000000000000000000000000000000000000000000000000000000000000000001acd3d813800000000000000000000000031b7e144b2cf261a015004bee9c84a98263e2f660000000000000000000000000000000000000000000000000000000000000080000000000000000000000000000000000000000000000000000000000000000088e6a0c2ddd26feeb64f039a2c41296fcb3f564000000124128acb0800000000000000000000000031b7e144b2cf261a015004bee9c84a98263e2f6600000000000000000000000000000000000000000000000000000000000000010000000000000000000000000000000000000000000000000000001acd3d813800000000000000000000000000000000000000000000000000000001000276a400000000000000000000000000000000000000000000000000000000000000a00000000000000000000000000000000000000000000000000000000000000060a0b86991c6218b36c1d19d4a2e9eb0ce3606eb4800000044a9059cbb00000000000000000000000088e6a0c2ddd26feeb64f039a2c41296fcb3f56400000000000000000000000000000000000000000000000000000001acd3d81380000005cc02aaa39b223fe8d0a0e5c4f27ead9083c756cc2000000242e1a7d4d00000000000000000000000000000000000000000000000181cbd191a474e013
0xd78fe8fec0da8dc94a3637351c4fa3ae0f7269c038f115a94053450b7fdd78d3,13665080,271,1,1,47.284770544186046,0.0,0.006755114750924568,47.27801542943512,0x04236cf5dac17f958d2ee523a2206206994597c13d831ec700000044a9059cbb0000000000000000000000000a04e8b4d2014cd2d07a9eaf946945bed1262a990000000000000000000000000000000000000000000000000000002f5715dc3c
0xd8239db6fc9d72eaabbf007f20122c312d70023e1ee3ef6542f4c42c0225b148,13464683,183,1,2,40.0,0.0,0.001169287527923445,39.99883071247208,0x
0xdc7e2377df2eb7d14738ef29ca9b0d7cbdf7a893b831046aed1ff5d2eb582321,13664572,155,1,1,23.78481280860465,0.0,0.005255213371324866,23.779557595233324,0x5b2e99170000000000000000000000000a04e8b4d2014cd2d07a9eaf946945bed1262a99000000000000000000000000a0b86991c6218b36c1d19d4a2e9eb0ce3606eb4800000000000000000000000000000000000000000000000000000017d00bffa5
0xdcf8e02cc5e295905f11552fe4219a3cfa09569328e869b9661031310ea0643f,13542152,92,0,2,-6.55986759,0.0,0.05223805772637849,-6.612105647726378,0x04236cf5d46ba6d942050d489dbd938a2c909a5d5039a16100000044095ea7b30000000000000000000000007860e28ebfb8ae052bfe279c07ac5d94c9cd2937ffffffffffffffffffffffffffffffffffffffffffffffffffffffffffffffffc02aaa39b223fe8d0a0e5c4f27ead9083c756cc2800000040000000000000000000000000000000000000000000000005b0954d1438c3c00d0e30db0c5be99a02c6857f9eac67bbce58df5572498f40c000000040902f1ac7860e28ebfb8ae052bfe279c07ac5d94c9cd293700000024f8b2cb4f000000000000000000000000d46ba6d942050d489dbd938a2c909a5d5039a1617860e28ebfb8ae052bfe279c07ac5d94c9cd293700000024f8b2cb4f000000000000000000000000a0b86991c6218b36c1d19d4a2e9eb0ce3606eb4888e6a0c2ddd26feeb64f039a2c41296fcb3f5640000000043850c7bdc5be99a02c6857f9eac67bbce58df5572498f40c000000040902f1acc02aaa39b223fe8d0a0e5c4f27ead9083c756cc20000006423b872dd00000000000000000000000031b7e144b2cf261a015004bee9c84a98263e2f66000000000000000000000000c5be99a02c6857f9eac67bbce58df5572498f40c0000000000000000000000000000000000000000000000005b0954d1438c3c00c5be99a02c6857f9eac67bbce58df5572498f40c00000084022c0d9f000000000000000000000000000000000000000000000000000000000000000000000000000000000000000000000000000000000000000000000fbb3a64a00d00000000000000000000000031b7e144b2cf261a015004bee9c84a98263e2f660000000000000000000000000000000000000000000000000000000000000000d46ba6d942050d489dbd938a2c909a5d5039a1610000002470a0823100000000000000000000000031b7e144b2cf261a015004bee9c84a98263e2f667860e28ebfb8ae052bfe279c07ac5d94c9cd2937000000a48201aa3f000000000000000000000000d46ba6d942050d489dbd938a2c909a5d5039a16100000000000000000000000000000000000000000000000000000fbb3a64a00d000000000000000000000000a0b86991c6218b36c1d19d4a2e9eb0ce3606eb4800000000000000000000000000000000000000000000000000000000000000000000000000000010000000000000000000000000000000000000000000000000a0b86991c6218b36c1d19d4a2e9eb0ce3606eb480000002470a0823100000000000000000000000031b7e144b2cf261a015004bee9c84a98263e2f6688e6a0c2ddd26feeb64f039a2c41296fcb3f564000000124128acb0800000000000000000000000031b7e144b2cf261a015004bee9c84a98263e2f660000000000000000000000000000000000000000000000000000000000000001000000000000000000000000000000000000000000000000000000073cedc42300000000000000000000000000000000000000000000000000000001000276a400000000000000000000000000000000000000000000000000000000000000a00000000000000000000000000000000000000000000000000000000000000060a0b86991c6218b36c1d19d4a2e9eb0ce3606eb4800000044a9059cbb00000000000000000000000088e6a0c2ddd26feeb64f039a2c41296fcb3f5640000000000000000000000000000000000000000000000000000000073cedc4230000005ca0b86991c6218b36c1d19d4a2e9eb0ce3606eb4800000044a9059cbb0000000000000000000000000a04e8b4d2014cd2d07a9eaf946945bed1262a990000000000000000000000000000000000000000000000000000000000000001c02aaa39b223fe8d0a0e5c4f27ead9083c756cc2000000242e1a7d4d0000000000000000000000000000000000000000000000005d63295a392d2e75
0xdfec29db41a9325be1cceff6830ef05cdb8db83eb792b8e4d8eaad397fca3145,13737958,107,0,2,-48.68095597000001,0.0,0.044760322767228515,-48.72571629276724,0x04236cf5c02aaa39b223fe8d0a0e5c4f27ead9083c756cc280000004000000000000000000000000000000000000000000000002a3957f882e482000d0e30db00e26a21013f2f8c0362cfae608b4e69a249d5efc000000040902f1ac3b685307c8611afb2a9e83ebc8743dc20480716e000000043850c7bd0e26a21013f2f8c0362cfae608b4e69a249d5efc000000040902f1acc02aaa39b223fe8d0a0e5c4f27ead9083c756cc20000006423b872dd00000000000000000000000031b7e144b2cf261a015004bee9c84a98263e2f660000000000000000000000000e26a21013f2f8c0362cfae608b4e69a249d5efc000000000000000000000000000000000000000000000002a3957f882e4820000e26a21013f2f8c0362cfae608b4e69a249d5efc00000084022c0d9f000000000000000000000000000000000000000000001990f93e3553f02ff9ac000000000000000000000000000000000000000000000000000000000000000000000000000000000000000031b7e144b2cf261a015004bee9c84a98263e2f6600000000000000000000000000000000000000000000000000000000000000203b685307c8611afb2a9e83ebc8743dc20480716e00000124128acb0800000000000000000000000031b7e144b2cf261a015004bee9c84a98263e2f660000000000000000000000000000000000000000000000000000000000000001000000000000000000000000000000000000000000001990f93e3553d500000000000000000000000000000000000000000000000000000000000001000276a400000000000000000000000000000000000000000000000000000000000000a000000000000000000000000000000000000000000000000000000000000000604e15361fd6b4bb609fa63c81a2be19d87371787000000044a9059cbb0000000000000000000000003b685307c8611afb2a9e83ebc8743dc20480716e000000000000000000000000000000000000000000001990f93e3553d50000000000005cc02aaa39b223fe8d0a0e5c4f27ead9083c756cc2000000242e1a7d4d000000000000000000000000000000000000000000000002b529e9f84de1ece0
0xe2f6bf623d4b8ade7934d6b894a5d43d69502ccd25db4edcefdc04c2f6d7bbcf,13468455,50,1,2,0.6674230106609116,0.0,0.04963532559197405,0.6177876850689376,0x04236cf5ed5f8192e28da677b823679aba71f97628f211e000000084f389e16100000000000000000000000088e6a0c2ddd26feeb64f039a2c41296fcb3f564000000000000000000000000000000000000000000000001b1ae4d6e2ef50000000000000000000000000000000000000000000000000000000000000000000000000000000000000000000000000000000000000000000000de0b6b3a7640000ed5f8192e28da677b823679aba71f97628f211e000000084f389e1610000000000000000000000008c54aa2a32a779e6f6fbea568ad85a19e0109c26000000000000000000000000000000000000000000000000000001cb9de20345000000000000000000000000000000000000000000000000000000000000000000000000000000000000000000000000000000000000000000000000000f424088e6a0c2ddd26feeb64f039a2c41296fcb3f5640000002e4128acb0800000000000000000000000031b7e144b2cf261a015004bee9c84a98263e2f66000000000000000000000000000000000000000000000000000000000000000000000000000000000000000000000000000000000000001198dc2ab55490f000000000000000000000000000fffd8963efd1fc6a506488495d951d5263988d2500000000000000000000000000000000000000000000000000000000000000a000000000000000000000000000000000000000000000000000000000000002208c54aa2a32a779e6f6fbea568ad85a19e0109c2600000124128acb0800000000000000000000000031b7e144b2cf261a015004bee9c84a98263e2f6600000000000000000000000000000000000000000000000000000000000000000000000000000000000000000000000000000000000000000000012aba66bc1d000000000000000000000000fffd8963efd1fc6a506488495d951d5263988d2500000000000000000000000000000000000000000000000000000000000000a00000000000000000000000000000000000000000000000000000000000000060a0b86991c6218b36c1d19d4a2e9eb0ce3606eb4800000044a9059cbb0000000000000000000000008c54aa2a32a779e6f6fbea568ad85a19e0109c260000000000000000000000000000000000000000000000000000012aba66bc1d0000005c17305f0e18318994a57b494078cac866a857f7b600000024b7e93121000000000000000000000000000000000000000000010fb1299ea51921ae4409c02aaa39b223fe8d0a0e5c4f27ead9083c756cc280000004000000000000000000000000000000000000000000000011a21f54667dee5e37d0e30db0c02aaa39b223fe8d0a0e5c4f27ead9083c756cc200000044a9059cbb00000000000000000000000088e6a0c2ddd26feeb64f039a2c41296fcb3f564000000000000000000000000000000000000000000000001198dc2ab55490f00000000000000000000000000000000210c02aaa39b223fe8d0a0e5c4f27ead9083c756cc2000000242e1a7d4d000000000000000000000000000000000000000000000000094329b1295d6e37
0xe3277e3d3ae534cb1ff8077e7397b84f59df4f6ee64962a67180c6b8291d5480,13493001,43,0,2,-0.040882401331743035,0.0,0.015852537900721855,-0.05673493923246489,0x04236cf5e592427a0aece92de3edee1f18e0157c05861564800002040000000000000000000000000000000000000000000000000091f83d31fcfbd8ac9650d800000000000000000000000000000000000000000000000000000000000000200000000000000000000000000000000000000000000000000000000000000002000000000000000000000000000000000000000000000000000000000000004000000000000000000000000000000000000000000000000000000000000001800000000000000000000000000000000000000000000000000000000000000104db3e2198000000000000000000000000c02aaa39b223fe8d0a0e5c4f27ead9083c756cc20000000000000000000000007d647b1a0dcd5525e9c6b3d14be58f27674f8c95000000000000000000000000000000000000000000000000000000000000271000000000000000000000000042c5d633ac3486115db8f5a23f7dbd4b0d259cc4000000000000000000000000000000000000000000000000000000006177fa670000000000000000000000000000000000000000000000001bc16d674ec800000000000000000000000000000000000000000000000000000091f83d31fcfbd8000000000000000000000000000000000000000000000000000000000000000000000000000000000000000000000000000000000000000000000000000000000000000000000000000000000000000000000000000000000000000412210e8a00000000000000000000000000000000000000000000000000000000
0xf07fe91215fefd341752436053f1702de2f7d3e14e104cdcb73e9cd74e3c4c5a,13727504,236,0,2,-2.3237627695266267,0.0,0.010492030280954629,-2.3342547998075815,0x04236cf5c02aaa39b223fe8d0a0e5c4f27ead9083c756cc280000004000000000000000000000000000000000000000000000000203fa9ed53e99967d0e30db0c02aaa39b223fe8d0a0e5c4f27ead9083c756cc200000044a9059cbb000000000000000000000000e45b4a84e0ad24b8617a489d743c52b84b7acebe000000000000000000000000000000000000000000000000203fa9ed53e99967e45b4a84e0ad24b8617a489d743c52b84b7acebe000000a4022c0d9f000000000000000000000000000000000000000000000000000003d3179da1aa000000000000000000000000000000000000000000000000000000000000000000000000000000000000000031b7e144b2cf261a015004bee9c84a98263e2f66000000000000000000000000000000000000000000000000000000000000008000000000000000000000000000000000000000000000000000000000000000005b7533812759b45c2b44c19e320ba2cd2681b54200000044a9059cbb0000000000000000000000004bb0925fa50da9b4c8936869433b48e78ccc5c13000000000000000000000000000000000000000000000000000003d3179da1aa4bb0925fa50da9b4c8936869433b48e78ccc5c13000000a4022c0d9f000000000000000000000000000000000000000000000000000000000000000000000000000000000000000000000000000000000000000000000002586a318000000000000000000000000031b7e144b2cf261a015004bee9c84a98263e2f6600000000000000000000000000000000000000000000000000000000000000800000000000000000000000000000000000000000000000000000000000000000dac17f958d2ee523a2206206994597c13d831ec700000044a9059cbb0000000000000000000000004789d942c83b8263ac393e77ab252ccd9785719e00000000000000000000000000000000000000000000000000000002586a31804789d942c83b8263ac393e77ab252ccd9785719e000000a4022c0d9f000000000000000000000000000000000000000000000343759993cd22719898000000000000000000000000000000000000000000000000000000000000000000000000000000000000000031b7e144b2cf261a015004bee9c84a98263e2f66000000000000000000000000000000000000000000000000000000000000008000000000000000000000000000000000000000000000000000000000000000007d5121505149065b562c789a0145ed750e6e8cdd00000044a9059cbb0000000000000000000000004085cafb2c519e6bf69ad410d91dbb6139948366000000000000000000000000000000000000000000000343759993cd227198984085cafb2c519e6bf69ad410d91dbb6139948366000000a4022c0d9f000000000000000000000000000000000000000000000000000000000000000000000000000000000000000000000000000000000000000000000002eb4dfc7100000000000000000000000031b7e144b2cf261a015004bee9c84a98263e2f6600000000000000000000000000000000000000000000000000000000000000800000000000000000000000000000000000000000000000000000000000000000dac17f958d2ee523a2206206994597c13d831ec700000044a9059cbb00000000000000000000000006da0fd433c1a5d7a4faa01111c044910a18455300000000000000000000000000000000000000000000000000000002eb4dfc7106da0fd433c1a5d7a4faa01111c044910a184553000000a4022c0d9f00000000000000000000000000000000000000000000000026409f34a960f158000000000000000000000000000000000000000000000000000000000000000000000000000000000000000031b7e144b2cf261a015004bee9c84a98263e2f6600000000000000000000000000000000000000000000000000000000000000800000000000000000000000000000000000000000000000000000000000000000c02aaa39b223fe8d0a0e5c4f27ead9083c756cc2000000242e1a7d4d00000000000000000000000000000000000000000000000026409f34a960f158
0xf182c55de2f7d8e65255bc3cf616416f783fc04f5c87ca7e528227d0034f4d07,13567373,29,0,2,-6.09071229,0.0,0.010160267572184856,-6.100872557572185,0x04236cf5c02aaa39b223fe8d0a0e5c4f27ead9083c756cc28000000400000000000000000000000000000000000000000000000054868e8eca8e5400d0e30db0295685c8fe08d8192981d21ea1fe856a07443920000000040902f1ac162cec59dfac80086d7370f11dcd8705a45c9333000000043850c7bd295685c8fe08d8192981d21ea1fe856a07443920000000040902f1acc02aaa39b223fe8d0a0e5c4f27ead9083c756cc20000006423b872dd00000000000000000000000031b7e144b2cf261a015004bee9c84a98263e2f66000000000000000000000000295685c8fe08d8192981d21ea1fe856a0744392000000000000000000000000000000000000000000000000054868e8eca8e5400295685c8fe08d8192981d21ea1fe856a0744392000000084022c0d9f00000000000000000000000000000000000000000000000000000000000000000000000000000000000000000000000000000000000001227b7d87ca8ea835d800000000000000000000000031b7e144b2cf261a015004bee9c84a98263e2f660000000000000000000000000000000000000000000000000000000000000000162cec59dfac80086d7370f11dcd8705a45c933300000124128acb0800000000000000000000000031b7e144b2cf261a015004bee9c84a98263e2f6600000000000000000000000000000000000000000000000000000000000000000000000000000000000000000000000000000000000001227b7d87ca8e900000000000000000000000000000fffd8963efd1fc6a506488495d951d5263988d2500000000000000000000000000000000000000000000000000000000000000a00000000000000000000000000000000000000000000000000000000000000060ccc8cb5229b0ac8069c51fd58367fd1e622afd9700000044a9059cbb000000000000000000000000162cec59dfac80086d7370f11dcd8705a45c93330000000000000000000000000000000000000000000001227b7d87ca8e9000000000005cc02aaa39b223fe8d0a0e5c4f27ead9083c756cc2000000242e1a7d4d00000000000000000000000000000000000000000000000058b7f627c734a679
0xf27bd2f4cb5d312b8142e7654193cd0fe79ef8e4842a0336ea1764a122636422,13514555,43,0,2,-39.64539468,0.0,0.01788133019225022,-39.663276010192256,0x04236cf5c02aaa39b223fe8d0a0e5c4f27ead9083c756cc2800000040000000000000000000000000000000000000000000000022630bc69418fc000d0e30db0c02aaa39b223fe8d0a0e5c4f27ead9083c756cc20000006423b872dd00000000000000000000000031b7e144b2cf261a015004bee9c84a98263e2f66000000000000000000000000efb47fcfcad4f96c83d4ca676842fb03ef20a4770000000000000000000000000000000000000000000000022630bc69418fc000efb47fcfcad4f96c83d4ca676842fb03ef20a47700000084022c0d9f000000000000000000000000000000000000000000000cd4636ec134123f701b0000000000000000000000000000000000000000000000000000000000000000000000000000000000000000f6badfb9b0ab2f8f3fd8225ef1ea12fa689ad1a70000000000000000000000000000000000000000000000000000000000000020f6badfb9b0ab2f8f3fd8225ef1ea12fa689ad1a700000084022c0d9f000000000000000000000000000000000000000000000003096c5e2dfc3a34b4000000000000000000000000000000000000000000000000000000000000000000000000000000000000000057654ae132413e81459ad2ae70c2570a9b89fb53000000000000000000000000000000000000000000000000000000000000002057654ae132413e81459ad2ae70c2570a9b89fb5300000084022c0d9f0000000000000000000000000000000000000000000000000000000000000000000000000000000000000000000000000000000000000002343b3787f26a184300000000000000000000000031b7e144b2cf261a015004bee9c84a98263e2f660000000000000000000000000000000000000000000000000000000000000000c02aaa39b223fe8d0a0e5c4f27ead9083c756cc2000000242e1a7d4d000000000000000000000000000000000000000000000002343b3787f26a1843
0xf60d8a78f573aa6e54ce9a8a59fb553469d00ebaf0117e50615a8aaae40987bb,13664330,101,1,2,0.2285628224603987,0.0,0.01555013521860576,0.21301268724179293,0x04236cf57a250d5630b4cf539739df2c5dacb4c659f2488d00000104791ac94700000000000000000000000000000000000000000000001592c12995b32cc918000000000000000000000000000000000000000000000000032b7a61a047f10900000000000000000000000000000000000000000000000000000000000000a000000000000000000000000031b7e144b2cf261a015004bee9c84a98263e2f6600000000000000000000000000000000000000000000000000000000619b87db0000000000000000000000000000000000000000000000000000000000000002000000000000000000000000298d492e8c1d909d3f63bc4a36c66c64acb3d695000000000000000000000000c02aaa39b223fe8d0a0e5c4f27ead9083c756cc2
0xf620bd5e7d33e2537c300b72a531aa4a98ac0e88d84d6e8a0a4315dcc4add79a,13467581,1,0,2,-11.411898332700826,0.0,0.03533080057859577,-11.447229133279421,0x04236cf5c02aaa39b223fe8d0a0e5c4f27ead9083c756cc2800000040000000000000000000000000000000000000000000000009e5f35121d815480d0e30db0c02aaa39b223fe8d0a0e5c4f27ead9083c756cc200000044a9059cbb000000000000000000000000397ff1542f962076d0bfe58ea045ffa2d347aca00000000000000000000000000000000000000000000000009e5f35121d815480397ff1542f962076d0bfe58ea045ffa2d347aca0000000a4022c0d9f0000000000000000000000000000000000000000000000000000000af49d4671000000000000000000000000000000000000000000000000000000000000000000000000000000000000000031b7e144b2cf261a015004bee9c84a98263e2f660000000000000000000000000000000000000000000000000000000000000080000000000000000000000000000000000000000000000000000000000000000092995d179a5528334356cb4dc5c6cbb1c068696c00000124128acb0800000000000000000000000031b7e144b2cf261a015004bee9c84a98263e2f6600000000000000000000000000000000000000000000000000000000000000010000000000000000000000000000000000000000000000000000000af49d467100000000000000000000000000000000000000000000000000000001000276a400000000000000000000000000000000000000000000000000000000000000a00000000000000000000000000000000000000000000000000000000000000060a0b86991c6218b36c1d19d4a2e9eb0ce3606eb4800000044a9059cbb00000000000000000000000092995d179a5528334356cb4dc5c6cbb1c068696c0000000000000000000000000000000000000000000000000000000af49d46710000005ca47c8bf37f92abed4a126bda807a7b7498661acd00000044a9059cbb0000000000000000000000008b00ee8606cc70c2dce68dea0cefe632cca0fb7b0000000000000000000000000000000000000000000009ef86d52fcc406add3a8b00ee8606cc70c2dce68dea0cefe632cca0fb7b000000a4022c0d9f0000000000000000000000000000000000000000000000000000000000000000000000000000000000000000000000000000000000000000a48d4a33916903d300000000000000000000000031b7e144b2cf261a015004bee9c84a98263e2f6600000000000000000000000000000000000000000000000000000000000000800000000000000000000000000000000000000000000000000000000000000000c02aaa39b223fe8d0a0e5c4f27ead9083c756cc2000000242e1a7d4d000000000000000000000000000000000000000000000000a48d4a33916903d3
0xf7617bb03b042f172e5d4dac5a6ab75114be994c0ff0cbaf10fc7fe54731e701,13497990,173,0,2,-8.845248832340564,0.0,0.02289723224415018,-8.868146064584714,0x04236cf5c02aaa39b223fe8d0a0e5c4f27ead9083c756cc2800000040000000000000000000000000000000000000000000000007ac0a2f2e9991ad7d0e30db0d35efae4097d005720608eaf37e42a5936c94b4400000124128acb0800000000000000000000000026aad2da94c59524ac0d93f6d6cbf9071d7086f200000000000000000000000000000000000000000000000000000000000000000000000000000000000000000000000000000000000000007ac0a2f2e9991ad7000000000000000000000000fffd8963efd1fc6a506488495d951d5263988d2500000000000000000000000000000000000000000000000000000000000000a00000000000000000000000000000000000000000000000000000000000000060c02aaa39b223fe8d0a0e5c4f27ead9083c756cc200000044a9059cbb000000000000000000000000d35efae4097d005720608eaf37e42a5936c94b440000000000000000000000000000000000000000000000007ac0a2f2e9991ad70000005c26aad2da94c59524ac0d93f6d6cbf9071d7086f2000000a4022c0d9f00000000000000000000000000000000000000000000000000000000000000000000000000000000000000000000000000000000000000007fc802301b768cc300000000000000000000000031b7e144b2cf261a015004bee9c84a98263e2f6600000000000000000000000000000000000000000000000000000000000000800000000000000000000000000000000000000000000000000000000000000000c02aaa39b223fe8d0a0e5c4f27ead9083c756cc2000000242e1a7d4d0000000000000000000000000000000000000000000000007fc802301b768cc3
0xf7e263bb88a16cbf10bb0b83462de30d2b5e594003b118f0406a7586305705c5,13498269,66,0,2,-7.553936328745367,0.0,0.08909722049322459,-7.6430335492385915,0x04236cf51f573d6fb3f13d689ff844b4ce37794d79a7ff1c0000002470a082310000000000000000000000004a2f0ca5e03b2cf81aebd936328cf2085037b63b1dce26f543e591c27717e25294aebbf59ad9f3a500000024d7d3aab5000000000000000000000000903bef1736cddf2a537176cf3c64579c3867a8811dce26f543e591c27717e25294aebbf59ad9f3a500000024e7ff42c9000000000000000000000000111111111117dc0aa78b770fa6a738034120c30226aad2da94c59524ac0d93f6d6cbf9071d7086f2000000040902f1ac2f9ec37d6ccfff1cab21733bdadede11c823ccb08000012400000000000000000000000000000000000000000000000068d4f9118ac938c5f3898a97000000000000000000000000000000000000000000000000000000000000006000000000000000000000000000000000000000000000000068d4f9118ac938c500000000000000000000000000000000000000000000000000000000000000010000000000000000000000000000000000000000000000000000000000000005000000000000000000000000eeeeeeeeeeeeeeeeeeeeeeeeeeeeeeeeeeeeeeee000000000000000000000000b1cd6e4153b2a390cf00a6556b0fc1458c4a55330000000000000000000000001f573d6fb3f13d689ff844b4ce37794d79a7ff1c000000000000000000000000563f6e19197a8567778180f66474e30122fd702a000000000000000000000000903bef1736cddf2a537176cf3c64579c3867a881903bef1736cddf2a537176cf3c64579c3867a8810000002470a0823100000000000000000000000031b7e144b2cf261a015004bee9c84a98263e2f661dce26f543e591c27717e25294aebbf59ad9f3a5000000c4e331d039000000000000000000000000903bef1736cddf2a537176cf3c64579c3867a881000000000000000000000000111111111117dc0aa78b770fa6a738034120c3020000000000000000000000000000000000000000000000000000057eae00bc770000000000000000000000000000000000000000000000000000000000000000000000000000000000000000000000000000000000000000000000000000000000000000000000000000000026aad2da94c59524ac0d93f6d6cbf9071d7086f226aad2da94c59524ac0d93f6d6cbf9071d7086f2000000040902f1ac111111111117dc0aa78b770fa6a738034120c3020000002470a0823100000000000000000000000026aad2da94c59524ac0d93f6d6cbf9071d7086f226aad2da94c59524ac0d93f6d6cbf9071d7086f200000084022c0d9f000000000000000000000000000000000000000000000000000000000000000000000000000000000000000000000000000000000000000080f361db2887a6c100000000000000000000000031b7e144b2cf261a015004bee9c84a98263e2f660000000000000000000000000000000000000000000000000000000000000000c02aaa39b223fe8d0a0e5c4f27ead9083c756cc20000002470a0823100000000000000000000000031b7e144b2cf261a015004bee9c84a98263e2f66c02aaa39b223fe8d0a0e5c4f27ead9083c756cc2000000242e1a7d4d00000000000000000000000000000000000000000000000080f361db2887a6c1
0xfc4843f4355ffc65f296e3fc647b9bdbbee9fafaf82df535e51bdc5b0b56701d,13735745,33,1,2,0.0,0.0,0.005003402038835952,-0.005003402038835952,0x04236cf5f139fe07b427fb1d2b1e4015a98bf036980df44080000004000000000000000000000000000000000000000000000000016345785d8a00003ccfd60b
0xfc7d83f280a68d328258587133254d82573666593596139622a727969eae3bae,13641105,241,0,2,2.15e-16,0.0,0.04501472538769651,-0.0450147253876963,0x04236cf5ed5f8192e28da677b823679aba71f97628f211e000000084f389e16100000000000000000000000060594a405d53811d3bc4766596efd80fd545a27000000000000000000000000000000000000000000000003635c9adc5dea0000000000000000000000000000000000000000000000000000000000000000000000000000000000000000000000000000000000000000000000de0b6b3a7640000ed5f8192e28da677b823679aba71f97628f211e000000084f389e161000000000000000000000000bb2e5c2ff298fd96e166f90c8abacaf714df14f80000000000000000000000000000000000000000000356303ada2e25f369f46a00000000000000000000000000000000000000000000000000000000000000010000000000000000000000000000000000000000000000000de0b6b3a764000060594a405d53811d3bc4766596efd80fd545a270000002e4128acb0800000000000000000000000031b7e144b2cf261a015004bee9c84a98263e2f66000000000000000000000000000000000000000000000000000000000000000000000000000000000000000000000000000000000000000573e3b9074611e46e000000000000000000000000fffd8963efd1fc6a506488495d951d5263988d2500000000000000000000000000000000000000000000000000000000000000a00000000000000000000000000000000000000000000000000000000000000220bb2e5c2ff298fd96e166f90c8abacaf714df14f800000124128acb0800000000000000000000000031b7e144b2cf261a015004bee9c84a98263e2f6600000000000000000000000000000000000000000000000000000000000000010000000000000000000000000000000000000000000056b958eab1108c43909100000000000000000000000000000000000000000000000000000001000276a400000000000000000000000000000000000000000000000000000000000000a000000000000000000000000000000000000000000000000000000000000000606b175474e89094c44da98b954eedeac495271d0f00000044a9059cbb000000000000000000000000bb2e5c2ff298fd96e166f90c8abacaf714df14f80000000000000000000000000000000000000000000056b958eab1108c4390910000005c17305f0e18318994a57b494078cac866a857f7b600000024b7e931210000000000000000000000000000000000000000000056d6f57d52b497eccf9cc02aaa39b223fe8d0a0e5c4f27ead9083c756cc280000004000000000000000000000000000000000000000000000005755e718284f83410d0e30db0c02aaa39b223fe8d0a0e5c4f27ead9083c756cc200000044a9059cbb00000000000000000000000060594a405d53811d3bc4766596efd80fd545a27000000000000000000000000000000000000000000000000573e3b9074611e46e00000000000000000000000000000210c02aaa39b223fe8d0a0e5c4f27ead9083c756cc2000000242e1a7d4d000000000000000000000000000000000000000000000000017ab87b3ee64fa2
0xfdbf22aaa883618a7ea9998ab90f65aa331a5d23362e1fdcea1978fea5a8fdd9,13486690,8,0,2,-0.1220658322719297,0.0,0.010855711226574844,-0.13292154349850455,0x04236cf5e592427a0aece92de3edee1f18e0157c058615648000020400000000000000000000000000000000000000000000000001b421eb2abe57d1ac9650d800000000000000000000000000000000000000000000000000000000000000200000000000000000000000000000000000000000000000000000000000000002000000000000000000000000000000000000000000000000000000000000004000000000000000000000000000000000000000000000000000000000000001800000000000000000000000000000000000000000000000000000000000000104db3e2198000000000000000000000000c02aaa39b223fe8d0a0e5c4f27ead9083c756cc2000000000000000000000000fa14fa6958401314851a17d6c5360ca29f74b57b00000000000000000000000000000000000000000000000000000000000027100000000000000000000000006d449238eab839068b485c2708c2098120a6e385000000000000000000000000000000000000000000000000000000006176ae380000000000000000000000000000000000000000000006fceeff6681b2a0000000000000000000000000000000000000000000000000000001b421eb2abe57d1000000000000000000000000000000000000000000000000000000000000000000000000000000000000000000000000000000000000000000000000000000000000000000000000000000000000000000000000000000000000000412210e8a00000000000000000000000000000000000000000000000000000000
0xfef3de902c39c2e06b8ed9de31db37becf3809b419201890623672a7841bdd97,13694858,36,0,2,0.0,0.0,0.061152370029124985,-0.061152370029124985,0x04236cf5c32cc5b70bee4bd54aa62b9aefb91346d18821c400000044095ea7b30000000000000000000000007a250d5630b4cf539739df2c5dacb4c659f2488dffffffffffffffffffffffffffffffffffffffffffffffffffffffffffffffffba12222222228d8ba445958a75a0704d566bf2c8000005445c38449e00000000000000000000000031b7e144b2cf261a015004bee9c84a98263e2f66000000000000000000000000000000000000000000000000000000000000008000000000000000000000000000000000000000000000000000000000000000c000000000000000000000000000000000000000000000000000000000000001000000000000000000000000000000000000000000000000000000000000000001000000000000000000000000c02aaa39b223fe8d0a0e5c4f27ead9083c756cc20000000000000000000000000000000000000000000000000000000000000001000000000000000000000000000000000000000000000249781bbb25cac000000000000000000000000000000000000000000000000000000000000000000420c02aaa39b223fe8d0a0e5c4f27ead9083c756cc2000000242e1a7d4d000000000000000000000000000000000000000000000249781bbb25cac000007a250d5630b4cf539739df2c5dacb4c659f2488d800000e400000000000000000000000000000000000000000000021e19e0c9bab2400000b6f9de950000000000000000000000000000000000000000000000000000000000000000000000000000000000000000000000000000000000000000000000000000008000000000000000000000000031b7e144b2cf261a015004bee9c84a98263e2f66ffffffffffffffffffffffffffffffffffffffffffffffffffffffffffffffff0000000000000000000000000000000000000000000000000000000000000002000000000000000000000000c02aaa39b223fe8d0a0e5c4f27ead9083c756cc2000000000000000000000000c32cc5b70bee4bd54aa62b9aefb91346d18821c4b648c6f73fd94a39740348cd5a8c4a72d8e02926800000e400000000000000000000000000000000000000000000002b5e3af16b18800000b6f9de950000000000000000000000000000000000000000000000000000000000000000000000000000000000000000000000000000000000000000000000000000008000000000000000000000000031b7e144b2cf261a015004bee9c84a98263e2f66ffffffffffffffffffffffffffffffffffffffffffffffffffffffffffffffff0000000000000000000000000000000000000000000000000000000000000002000000000000000000000000c02aaa39b223fe8d0a0e5c4f27ead9083c756cc2000000000000000000000000c32cc5b70bee4bd54aa62b9aefb91346d18821c4d94c8cbdbbb602005c3c4c22dedb856a4d5e9e1300000004bb57ad207a250d5630b4cf539739df2c5dacb4c659f2488d000001045c11d795000000000000000000000000000000000000000000000112d3df44443e671788000000000000000000000000000000000000000000000000000000000000000000000000000000000000000000000000000000000000000000000000000000a000000000000000000000000031b7e144b2cf261a015004bee9c84a98263e2f66ffffffffffffffffffffffffffffffffffffffffffffffffffffffffffffffff0000000000000000000000000000000000000000000000000000000000000002000000000000000000000000c32cc5b70bee4bd54aa62b9aefb91346d18821c4000000000000000000000000c02aaa39b223fe8d0a0e5c4f27ead9083c756cc2c02aaa39b223fe8d0a0e5c4f27ead9083c756cc200000044a9059cbb000000000000000000000000ba12222222228d8ba445958a75a0704d566bf2c8000000000000000000000000000000000000000000000249781bbb25cac00000000000000000000000000000000000000000000000000408c02aaa39b223fe8d0a0e5c4f27ead9083c756cc2000000242e1a7d4d000000000000000000000000000000000000000000000001e10d5919ce62a276
